School,W,L,OSRS,DSRS,SRS,OffPts,DefPts,PassOff,PassDef,RushOff,RushDef,TotOff,TotDef,Conference,Year
Oregon,13,2,14.36,7.86,22.22,61.16,5.13,11.41,5.1,6.57,3.39,8.58,4.13,PAC-12,2014
UCLA,10,3,11.01,3.39,14.4,53.08,8.68,9.58,4.72,6.23,3.03,7.69,3.89,PAC-12,2014
USC,9,4,7.74,6.65,14.39,51.31,6.26,9.86,4.91,5.07,2.94,7.29,3.91,PAC-12,2014
Arizona State,10,3,10.24,3.02,13.26,52.01,11.48,9.12,6.07,5.19,3.19,7.05,4.39,PAC-12,2014
Stanford,8,5,-2.79,15.21,12.42,40.91,-2.27,9.15,3.51,5.28,2.29,6.97,2.8,PAC-12,2014
Arizona,10,4,6.51,5.39,11.9,49.37,8.71,8.29,5.54,5.4,3.32,6.8,4.29,PAC-12,2014
Utah,9,4,4.76,5.08,9.84,47.17,8.08,8.28,5.41,5.37,3.02,6.56,3.97,PAC-12,2014
Washington,8,6,1.73,4.8,6.52,42.78,8.72,8.29,5.8,5.1,2.82,6.4,4.17,PAC-12,2014
California,5,7,12.7,-10.15,2.55,54.48,22.53,9.45,6.49,5.15,3.36,7.42,5.03,PAC-12,2014
Oregon State,5,7,0.11,-1.53,-1.42,41.07,15.4,8.37,5.33,4.84,4.02,6.77,4.59,PAC-12,2014
Washington State,3,9,6.86,-8.4,-1.54,48.5,21.22,8.94,6.56,2.94,3.19,7.35,4.9,PAC-12,2014
Colorado,2,10,2.91,-6.54,-3.63,44.24,20.32,7.66,5.61,5.12,4.84,6.47,5.15,PAC-12,2014
Georgia Tech,11,3,13.44,2.48,15.92,55.23,9.17,10.98,6.13,7.24,3.8,8.1,4.96,ACC,2014
Florida State,13,1,10.59,3.9,14.48,52,9.91,9.98,5.53,5.74,3.25,7.96,4.28,ACC,2014
Clemson,10,3,-1.31,12.94,11.63,45.25,0.3,8.97,3.58,4.45,1.86,6.49,2.67,ACC,2014
Louisville,9,4,5.74,4.79,10.52,48.48,7.58,9.42,4.93,4.98,2.49,7.01,3.68,ACC,2014
Miami (FL),6,7,1.26,6.78,8.04,43.95,6,9.6,4.57,6.08,2.45,7.72,3.4,ACC,2014
Virginia Tech,7,6,-1.93,8.64,6.71,38.72,3.18,7.47,5,4.82,2.78,6.04,3.8,ACC,2014
Duke,9,4,3.59,3.05,6.64,46.74,10.5,7.16,5.27,5.7,3.83,6.44,4.47,ACC,2014
Boston College,7,6,2.16,3.89,6.04,42.99,8.28,8.63,5.63,6.45,2.59,7.14,4.12,ACC,2014
Virginia,5,7,-0.62,5.46,4.83,41.3,7.36,7.99,5.44,4.71,2.27,6.29,3.82,ACC,2014
North Carolina State,8,5,1.57,2.61,4.17,44.92,13.43,8.22,5.05,6.36,3.44,7.18,4.15,ACC,2014
Pitt,6,7,3.85,-1.11,2.74,48.11,14.27,9.14,6.02,6.49,3.63,7.41,4.73,ACC,2014
North Carolina,6,7,10,-9.86,0.14,50.47,23.92,8.7,7.03,5.15,4.04,6.9,5.24,ACC,2014
Syracuse,3,9,-8.71,3.88,-4.84,32.65,9.35,7.37,5.83,5.29,2.62,6.25,3.89,ACC,2014
Wake Forest,3,9,-8.5,0.86,-7.64,31.79,14.69,7.13,5.38,2.44,3.62,4.76,4.31,ACC,2014
Texas Christian,12,1,11.2,7.76,18.96,61.91,4.27,9.52,5.31,6.22,1.96,7.88,3.51,BIG-12,2014
Baylor,11,2,13.69,1.28,14.97,62.06,10.54,10.45,6.14,5.47,2.31,7.75,4.13,BIG-12,2014
Kansas State,9,4,6.32,6.42,12.73,51.21,5.43,10.52,5.1,4.65,3.02,7.39,4.08,BIG-12,2014
Oklahoma,8,5,5.98,4.23,10.21,52.96,7.88,8.5,5.33,7.27,2.39,7.8,3.93,BIG-12,2014
West Virginia,7,6,6.18,1.89,8.07,49.34,8.69,9.3,4.76,5.34,3.36,7.22,3.97,BIG-12,2014
Texas,6,7,-4.98,8.96,3.98,37.63,3.53,7.78,3.86,5,2.83,6.24,3.22,BIG-12,2014
Oklahoma State,7,6,2.13,-1.03,1.1,43.65,14.63,9.34,6.18,4.64,3.24,6.72,4.55,BIG-12,2014
Texas Tech,4,8,6.75,-10.31,-3.56,47.69,24.2,9.1,6.33,6.32,4.32,7.93,5.06,BIG-12,2014
Kansas,3,9,-8.27,1.42,-6.86,33.28,15.48,7.95,5.7,4.25,4.45,5.88,4.96,BIG-12,2014
Iowa State,2,10,-2.63,-6.01,-8.64,38.59,21.1,7.23,5.75,4.91,4.71,6.16,5.16,BIG-12,2014
Ohio State,14,1,13.44,7,20.44,62.75,5.78,10.71,4.44,6.98,2.61,8.38,3.52,BIG-TEN,2014
Michigan State,11,2,9.76,6.31,16.07,56.98,6.56,10.02,5.23,6.16,2.02,7.73,3.85,BIG-TEN,2014
Wisconsin,11,3,3.21,9.49,12.7,49.61,6.05,8.06,5.29,7.79,2.56,8,3.75,BIG-TEN,2014
Nebraska,9,4,9.43,0.83,10.26,52.95,12.78,9.05,4.85,6.32,3.67,7.4,4.24,BIG-TEN,2014
Minnesota,8,5,3.41,3.32,6.74,44.51,8.84,8.9,5.04,5.92,3.58,6.88,4.24,BIG-TEN,2014
Rutgers,8,5,1.1,2.09,3.19,41.27,13.77,9.78,6.13,5.57,4.3,7.3,5.03,BIG-TEN,2014
Penn State,7,6,-5.05,7.51,2.46,36.51,4.74,7.62,4.44,4.15,2,5.94,3.14,BIG-TEN,2014
Michigan,5,7,-5.47,7.29,1.82,36.81,5.78,7.98,5.2,5.72,2.1,6.69,3.46,BIG-TEN,2014
Maryland,7,6,4.25,-2.67,1.58,46.74,16.67,8.58,5.31,5.11,3.3,6.81,4.19,BIG-TEN,2014
Iowa,7,6,-0.41,1.79,1.37,41.4,11.97,8.48,5.73,4.89,3.24,6.55,4.3,BIG-TEN,2014
Northwestern,5,7,-3.03,3.83,0.8,37.56,10.64,7.15,5.32,4.53,3.14,5.79,4.1,BIG-TEN,2014
Illinois,6,7,0.75,-3.28,-2.53,41.13,17.98,8.44,6.46,4.88,3.96,6.74,4.88,BIG-TEN,2014
Indiana,4,8,-0.32,-5,-5.32,40.18,18.7,6.99,5.66,7.14,3.96,7.08,4.84,BIG-TEN,2014
Purdue,3,9,-2.5,-3.83,-6.33,38.08,16.71,6.53,5.43,5.71,3.41,6.08,4.3,BIG-TEN,2014
Alabama,12,2,9.46,10.88,20.34,57.12,-0.11,10.71,4.5,6.35,1.96,8.23,3.4,SEC,2014
Georgia,10,3,10.88,7.96,18.84,59.13,3.93,9.85,4.09,7.3,3.12,8.27,3.6,SEC,2014
Ole Miss,9,4,0.87,15.93,16.8,47.62,-4.36,9.79,4.17,5.63,2.19,7.51,3.13,SEC,2014
Mississippi State,10,3,8.49,6.55,15.04,55.06,4.93,10.35,5.02,6.32,3.08,8.02,4.27,SEC,2014
Auburn,8,5,11.92,3.07,14.99,56.34,6.61,11.13,4.96,6.77,3.07,8.31,3.96,SEC,2014
Arkansas,7,6,4.3,10.62,14.91,51.57,-0.01,8.85,4.8,6.3,2.03,7.31,3.48,SEC,2014
Missouri,11,3,2.51,9.51,12.02,44.7,3.23,8.1,4.69,5.8,2.25,6.76,3.45,SEC,2014
LSU,8,5,-1.43,12.18,10.75,46,-0.92,9.57,3.64,5.91,3.12,7.08,3.33,SEC,2014
Texas A&M,8,5,7.38,2.58,9.96,54.86,11.77,9.54,5.15,5.85,4.05,7.78,4.56,SEC,2014
Tennessee,7,6,3.72,4.42,8.13,47.22,7,8.28,5.12,4.96,3.02,6.47,3.92,SEC,2014
Florida,7,5,0.92,7.21,8.12,46.71,4.54,8.32,4.34,5.44,2.07,6.57,3.21,SEC,2014
South Carolina,7,6,9.39,-2.69,6.7,50.68,13.61,9.81,5.76,5.72,4.32,7.71,4.93,SEC,2014
Kentucky,5,7,3.24,-1.68,1.55,47.83,16.41,8.74,5.36,5.38,3.7,6.94,4.39,SEC,2014
Vanderbilt,3,9,-6.74,-0.23,-6.97,34.21,16.52,7.72,5.97,4.53,3.43,6.05,4.4,SEC,2014
Stanford,12,2,12.14,6.67,18.81,56.49,3.59,11.37,4.77,6.47,2.91,8.08,3.96,PAC-12,2015
USC,8,6,4.68,6.85,11.53,52.08,3.33,10.13,5.25,5.81,2.36,7.64,3.86,PAC-12,2015
Utah,10,3,3.23,8.16,11.39,47.92,2.06,8.63,4.81,5.61,1.81,6.66,3.53,PAC-12,2015
Oregon,9,4,18.61,-7.56,11.05,61.92,19.96,10.82,5.07,7.37,3.79,8.52,4.56,PAC-12,2015
Washington,7,6,-2.6,12.33,9.73,46.25,-2.1,9.51,4.64,5.84,1.89,7.32,3.23,PAC-12,2015
California,8,5,10.98,-1.44,9.54,56.65,12.26,10.84,5.66,6.01,3.4,8.48,4.59,PAC-12,2015
UCLA,8,5,4.04,4.7,8.73,49.45,5.91,9.08,3.62,6.34,3.12,7.53,3.35,PAC-12,2015
Washington State,9,4,4.8,1.75,6.55,46.16,9.71,8.43,4.64,4.56,3.54,7.05,4.17,PAC-12,2015
Arizona State,6,7,9.54,-4.63,4.91,52.86,14.58,9.25,6.55,5.61,2.26,7.27,4.67,PAC-12,2015
Arizona,7,6,7.88,-6.61,1.27,54.96,20.91,9.3,6.32,6.84,3.34,7.84,4.74,PAC-12,2015
Colorado,4,9,-5.51,2,-3.51,39.05,9.95,8.34,4.75,4.94,3.69,6.36,4.26,PAC-12,2015
Oregon State,2,10,-6.1,-1.56,-7.66,37.12,17.33,7.76,6.12,6.01,3.79,6.64,4.81,PAC-12,2015
Clemson,14,1,12.53,6.35,18.88,59.12,3.34,10.49,4.31,6.38,2,8.07,3.19,ACC,2015
Florida State,10,3,4.84,8.75,13.59,50.27,1.65,9.68,3.93,6.63,2.65,8.01,3.44,ACC,2015
North Carolina,11,3,10.46,2.27,12.73,57.28,8.48,10.74,4.32,7.14,4.08,8.61,4.27,ACC,2015
Louisville,8,5,4.03,2.66,6.69,48.21,7.75,9.79,5,6.03,2,7.57,3.56,ACC,2015
Pitt,8,5,3.92,2.4,6.32,45.99,8.12,9.06,5.03,6.04,2.96,7.09,4.22,ACC,2015
Miami (FL),8,5,0.59,5.1,5.69,44.97,9.89,9.89,4.43,4.82,4,7.22,4.26,ACC,2015
North Carolina State,7,6,4.1,0.97,5.06,50.3,10.47,8.55,5.28,6.21,3.22,7.18,4.23,ACC,2015
Virginia Tech,7,6,4.52,0.52,5.04,48.03,9.54,9.31,5.31,4.93,3.35,6.64,4.25,ACC,2015
Duke,8,5,2.7,0.24,2.94,48.43,12.15,8.08,6.04,5.96,2.64,6.82,4.35,ACC,2015
Georgia Tech,3,9,-1.32,2.75,1.43,47.29,7.49,9.57,5.18,6.51,3.29,7.26,4.23,ACC,2015
Virginia,4,8,0.56,-1.51,-0.95,43.75,12.81,8.97,6.09,5.31,3,6.92,4.63,ACC,2015
Syracuse,4,8,2.92,-4.43,-1.51,47.89,15.18,8.26,6.1,6.15,3.5,6.85,4.8,ACC,2015
Boston College,3,9,-12.87,11.15,-1.73,33.76,-1.69,7.1,4.45,5.28,1.17,5.79,2.74,ACC,2015
Wake Forest,3,9,-9.24,5.54,-3.7,35.02,5.83,8.44,5.38,4.41,2.54,6.23,3.97,ACC,2015
Oklahoma,11,2,8.23,9.6,17.84,59.24,1.53,10.92,3.91,6.13,2.69,8.12,3.3,BIG-12,2015
Baylor,10,3,12.69,0.39,13.08,60.81,10.82,11.03,4.99,6.63,2.84,8.22,3.85,BIG-12,2015
Texas Christian,11,2,8.94,2.46,11.39,54.96,8.4,10.34,4.36,5.78,3.07,7.89,3.73,BIG-12,2015
Oklahoma State,10,3,9.4,-0.9,8.5,54.57,12.94,10.59,5.66,4.59,3.23,7.65,4.31,BIG-12,2015
West Virginia,8,5,1.96,5.64,7.59,47.96,5.5,9.14,5.21,5.83,2.66,7.13,3.86,BIG-12,2015
Texas Tech,7,6,16.94,-13.9,3.04,61.28,26.33,9.72,5.89,6.51,5.07,8.22,5.5,BIG-12,2015
Kansas State,6,7,1.53,0.3,1.83,44.11,12.82,8.15,6.08,4.88,3.32,6.12,4.7,BIG-12,2015
Texas,5,7,-2.1,3.19,1.09,41.55,8.62,8.51,4.89,6.04,3.28,6.83,3.87,BIG-12,2015
Iowa State,3,9,-1.1,-1.05,-2.14,40.86,13.01,8.42,5.84,5.49,3.56,6.73,4.69,BIG-12,2015
Kansas,0,12,-12.01,-3.21,-15.22,30.61,25.37,7.4,6.51,4.1,4.52,5.66,5.4,BIG-12,2015
Ohio State,12,1,6.45,14.28,20.73,52.8,-2.61,9.59,3.88,6.88,2.07,7.76,3.07,BIG-TEN,2015
Michigan,10,3,4.17,12.17,16.34,50.42,-0.45,9.57,3.72,5.72,2.28,7.28,3.13,BIG-TEN,2015
Michigan State,12,2,4.5,10.87,15.36,47.73,1.25,9.43,4.87,5.24,2.04,6.87,3.77,BIG-TEN,2015
Wisconsin,10,3,-1.85,12.7,10.85,43.73,-1.12,8.96,4.29,5.32,2.01,6.81,3.27,BIG-TEN,2015
Iowa,12,2,3.7,7.1,10.8,47.34,5.71,9.61,4.93,5.71,2.43,7.09,3.88,BIG-TEN,2015
Northwestern,10,3,-5.11,12.41,7.3,37.95,1.88,7.16,3.92,5.44,2.39,5.95,3.3,BIG-TEN,2015
Nebraska,6,7,8.56,-2.01,6.56,51.51,11.7,9.87,5.82,6,2.75,7.68,4.65,BIG-TEN,2015
Penn State,7,6,-0.65,7.11,6.46,42.88,5.82,8.99,4.23,5.6,2.49,7.04,3.55,BIG-TEN,2015
Minnesota,6,7,0.74,1.72,2.46,43.01,9.65,8.95,4.3,5.65,3.1,7.05,3.7,BIG-TEN,2015
Indiana,6,7,12.97,-10.71,2.26,53.86,21.87,10,5.87,6.03,4.17,7.6,5.2,BIG-TEN,2015
Illinois,5,7,-4.43,5.61,1.18,41.32,8.22,7.81,4.09,5.4,3.14,6.51,3.69,BIG-TEN,2015
Maryland,3,9,1.81,-3.89,-2.08,44.35,15.99,7.41,5.93,7.01,2.47,6.97,4.11,BIG-TEN,2015
Rutgers,4,8,0.64,-4.2,-3.57,44.51,19.67,9.29,7.19,5.73,3.98,7,5.65,BIG-TEN,2015
Purdue,2,10,1.05,-6.97,-5.92,43.56,20.03,7.76,5.79,5.16,4.17,6.32,4.98,BIG-TEN,2015
Alabama,14,1,9.34,14.38,23.72,56.01,-3.79,9.84,3.87,6.33,1.16,7.65,2.7,SEC,2015
LSU,9,3,6.61,8.44,15.04,50.76,2.24,9.83,3.92,7.28,2.31,8.13,3.26,SEC,2015
Ole Miss,10,3,8.16,6.25,14.42,58.84,5.06,10.87,4.33,6.55,2.17,8.63,3.43,SEC,2015
Tennessee,9,4,9.07,4.87,13.94,54.89,5.33,9.03,4.73,6.18,3.07,7.2,3.98,SEC,2015
Mississippi State,9,4,8.45,5.14,13.59,53.37,5.4,10.33,4.71,5.91,2.92,8.13,3.75,SEC,2015
Arkansas,8,5,11.32,1.47,12.79,55.22,9.24,11.48,6.49,6.4,2.44,8.43,4.65,SEC,2015
Florida,10,4,-0.6,10.26,9.65,44.24,1.59,9.53,4.28,5.03,2.12,6.91,3.17,SEC,2015
Texas A&M,8,5,2.21,7.19,9.4,46.44,4.31,8.86,4,5.88,3.61,7.14,3.83,SEC,2015
Georgia,10,3,0.64,8.35,8.98,45.93,3.29,9.45,4.67,6.6,2.84,7.72,3.71,SEC,2015
Auburn,7,6,2.89,4.27,7.16,45.9,6.73,9.37,4.12,5.74,3.04,6.91,3.63,SEC,2015
Missouri,5,7,-10.79,10.99,0.2,32.26,0.03,7.24,3.82,4.73,2.14,5.81,2.91,SEC,2015
South Carolina,3,9,-0.43,-1.75,-2.18,42.26,12.31,9.42,5.78,5.72,3.88,7.32,4.74,SEC,2015
Vanderbilt,4,8,-9.45,7.18,-2.27,34.3,3.43,7.49,4.48,5.07,2.86,6.01,3.68,SEC,2015
Kentucky,5,7,-1.52,-2.57,-4.09,43.03,14.89,8.4,5.55,5.97,3.63,7.08,4.48,SEC,2015
Washington,12,2,7.59,12.39,19.98,56.98,0.69,10.71,4.1,6.5,2.2,8.15,3.19,PAC-12,2016
USC,10,3,7.71,9.56,17.27,52.37,4.42,10.11,4.59,6.88,2.47,8.22,3.66,PAC-12,2016
Stanford,10,3,0.01,12.54,12.54,42.7,1.09,8.71,4.72,6.53,2.61,7.26,3.69,PAC-12,2016
Colorado,10,4,2.32,9.86,12.18,48.18,3.08,9.51,3.66,5.44,2.62,7.04,3.23,PAC-12,2016
Washington State,8,5,5.7,3.33,9.03,52.9,9.91,9.11,6.09,5.6,2.89,7.54,4.67,PAC-12,2016
Utah,9,4,3.31,5.35,8.65,44.06,7.4,8.96,5.3,6.07,2.67,7.15,4.17,PAC-12,2016
UCLA,4,8,-0.86,3.49,2.63,41.62,9.27,9.15,4.16,4.28,2.39,6.86,3.31,PAC-12,2016
California,5,7,12.42,-10,2.42,54.8,24.71,8.98,5.5,5.97,4.67,7.52,5.1,PAC-12,2016
Oregon State,4,8,0.5,1.02,1.53,42.84,13.14,8.05,4.37,6.65,4,7.09,4.24,PAC-12,2016
Oregon,4,8,11.12,-10.42,0.7,52.81,24.36,9.96,5.64,6.8,4.44,8.02,5.06,PAC-12,2016
Arizona State,5,7,5.89,-8.49,-2.6,47.78,21.22,9.21,6.89,4.55,3.78,6.58,5.53,PAC-12,2016
Arizona,3,9,1.01,-5.64,-4.63,43,22.36,9,6.09,7.04,3.47,7.62,4.74,PAC-12,2016
Clemson,14,1,9.4,10.68,20.08,59.54,-0.13,10.18,3.54,6.35,2.1,8.07,3.09,ACC,2016
Florida State,10,3,9.49,5.52,15.01,54.26,6.02,10.36,5.07,6.9,2.19,8.28,3.64,ACC,2016
Miami (FL),9,4,3.39,9.96,13.36,50.75,2.68,10.02,4.12,6.05,1.93,7.86,3.2,ACC,2016
Louisville,9,4,8.81,3.06,11.87,60.74,9.1,10.44,5.06,7.89,1.89,8.82,3.46,ACC,2016
Virginia Tech,10,4,4.26,6.74,11,50.43,5.47,9.85,4.22,5.39,2.4,7.06,3.38,ACC,2016
North Carolina,8,5,6.18,2.07,8.25,49.06,10.6,10.06,5.33,6.32,3.12,8.12,4.02,ACC,2016
Pitt,8,5,15.3,-7.17,8.12,58.54,18.39,10.67,5.64,6.88,2.42,8.16,4.46,ACC,2016
North Carolina State,7,6,0.69,6.81,7.49,44.21,5.76,9.66,4.82,5.68,1.96,7.36,3.58,ACC,2016
Georgia Tech,9,4,3.28,3.85,7.13,45.62,8.85,12.48,5.14,7.13,3.46,8.1,4.45,ACC,2016
Wake Forest,7,6,-4.32,5.04,0.73,37.75,6.93,7.9,5.41,5.32,2.53,6.16,4.04,ACC,2016
Boston College,7,6,-7,7.58,0.58,36.48,10.89,8.03,5.06,4.92,2.07,5.84,3.7,ACC,2016
Duke,4,8,-3.03,1.67,-1.36,40.99,10.97,8.45,6.81,5.62,2.93,6.76,4.76,ACC,2016
Syracuse,4,8,0.08,-4.59,-4.51,43.26,20.37,9.44,6.86,5.13,3.97,7.19,5.4,ACC,2016
Virginia,2,10,-4.34,-3.91,-8.25,38.32,17.63,7.68,6.32,5.07,3.27,6.3,4.78,ACC,2016
Oklahoma,11,2,14.64,0.34,14.98,61.69,10.26,12.86,5.18,6.73,3.3,9.16,4.33,BIG-12,2016
Oklahoma State,10,3,8.39,2.77,11.16,53.5,8.84,10.96,5.5,5.7,3.46,8.15,4.35,BIG-12,2016
West Virginia,10,3,4.01,5.56,9.57,46.83,5.94,10,4.91,6.37,3.05,7.84,3.94,BIG-12,2016
Kansas State,9,4,1.7,6.39,8.09,46.96,5.05,8.25,5.42,6.32,2.49,7.07,4.15,BIG-12,2016
Baylor,7,6,2.67,0.34,3.01,48.69,12.57,9.17,5.16,5.99,3.15,7.32,3.88,BIG-12,2016
Texas Christian,6,7,1.88,0.74,2.63,45.88,10.74,8.7,5.06,6.19,3.15,7.37,3.94,BIG-12,2016
Texas,5,7,3.16,-1.41,1.75,46.51,12.12,9.4,5.48,5.82,2.84,7.27,3.88,BIG-12,2016
Texas Tech,5,7,12.46,-11.12,1.34,58.7,25.95,10.2,6.39,4.36,4.56,7.87,5.44,BIG-12,2016
Iowa State,3,9,-3.46,-0.97,-4.43,42.83,14.32,9.5,5.29,5.31,3.86,7.22,4.44,BIG-12,2016
Kansas,2,10,-9.16,-1.49,-10.65,35.94,19.08,7.98,5.16,4.69,4.02,6.33,4.38,BIG-12,2016
Ohio State,11,2,3.69,15.13,18.82,58.54,-4.03,8.92,3.37,7.15,2.02,7.7,2.85,BIG-TEN,2016
Michigan,10,3,4.71,12.85,17.56,59.79,-2.59,9.7,3.87,6.52,1.76,7.67,2.81,BIG-TEN,2016
Penn State,11,3,11.63,4.09,15.72,57.14,7.96,11.59,4.67,6.35,2.38,8.4,3.66,BIG-TEN,2016
Wisconsin,11,3,2.13,13.17,15.3,48.3,-1.66,10.03,4.7,6,1.85,7.21,3.46,BIG-TEN,2016
Minnesota,9,4,4,4.65,8.65,45.24,7.55,8.61,4.69,5.47,2.09,6.53,3.58,BIG-TEN,2016
Nebraska,9,4,-0.9,8.45,7.55,43.37,7.38,8.86,4.96,5.62,3.09,6.87,4.22,BIG-TEN,2016
Iowa,8,5,-0.51,7.31,6.81,42.87,4.7,8.49,4.94,5.98,2.96,6.84,4,BIG-TEN,2016
Northwestern,7,6,0.48,4.98,5.46,43.71,6,8.38,5.25,5.55,2.48,6.75,4.12,BIG-TEN,2016
Indiana,6,7,2.15,-0.77,1.38,43.94,11.76,9.79,5.45,5.21,2.39,7.12,3.85,BIG-TEN,2016
Maryland,6,7,-1.82,1.89,0.07,42.77,14.64,8.82,5.61,6.46,3.74,7.27,4.63,BIG-TEN,2016
Michigan State,3,9,-1.21,-0.58,-1.79,43.51,11.04,9.29,5.84,6.13,2.71,7.37,4.21,BIG-TEN,2016
Rutgers,2,10,-9.42,2.45,-6.97,34.84,19.61,7.1,5.75,5.26,4.1,5.89,4.87,BIG-TEN,2016
Illinois,3,9,-5.92,-1.83,-7.75,38.09,16.29,7.74,5.65,6.25,3.46,6.82,4.35,BIG-TEN,2016
Purdue,3,9,0.2,-9.16,-8.96,42.38,25.56,8.17,6.34,4.64,4.15,6.58,5.1,BIG-TEN,2016
Alabama,14,1,8.01,17.62,25.62,58.39,-6.83,9.76,3.62,7.42,0.07,8.2,2.06,SEC,2016
LSU,8,4,2.68,13.25,15.93,47.48,-3.92,9.69,4.37,7.84,1.43,8.42,2.95,SEC,2016
Auburn,8,5,-1.04,13.02,11.97,49.58,-1.17,9.69,4.33,7.03,2.03,7.73,3.35,SEC,2016
Florida,9,4,-2.62,13.6,10.98,43.18,0.07,8.93,3.92,5.28,2.13,6.86,2.99,SEC,2016
Tennessee,9,4,11.58,-0.99,10.59,56.37,14.41,10.46,5.37,6.91,3.55,8.24,4.49,SEC,2016
Texas A&M,8,5,5.4,3.37,8.77,52.91,8.21,8.98,5.27,7.31,2.79,7.95,4.02,SEC,2016
Ole Miss,5,7,9.15,-4.41,4.74,52.84,16.33,9.93,5.49,5.98,3.53,7.84,4.49,SEC,2016
Arkansas,7,6,4.06,0.29,4.35,48.43,13.1,10.56,5.9,5.9,4.33,7.81,5.12,SEC,2016
Georgia,8,5,0.35,3.29,3.64,41.83,8.65,8.51,4.94,6.01,2.47,6.97,3.71,SEC,2016
Vanderbilt,6,7,-2.05,5.26,3.21,39.81,6.93,8.35,4.86,5.81,3,6.78,4.15,SEC,2016
Kentucky,7,6,4.33,-2.03,2.3,46.78,15.02,9.68,5.66,6.98,3.54,7.83,4.55,SEC,2016
Mississippi State,6,7,5.19,-3.51,1.68,48.61,16.88,8.47,5.88,7.29,3.24,7.66,4.71,SEC,2016
South Carolina,6,7,-5.88,4.97,-0.91,35.91,9.03,8.78,4.92,4.93,3.16,6.53,3.97,SEC,2016
Missouri,4,8,0.19,-2.69,-2.5,48.71,16.84,9.91,5.27,6.29,3.71,7.87,4.52,SEC,2016
Washington,10,3,5.38,10.84,16.22,51.66,0.4,10.05,4.66,5.85,2.2,7.78,3.15,PAC-12,2017
USC,11,3,7.47,4.91,12.37,49.33,6.99,10.38,5.38,5.75,3.24,8.06,4.06,PAC-12,2017
Stanford,9,5,5.73,5.11,10.84,49.59,5.33,9.03,5.8,7.1,3.66,8.08,4.45,PAC-12,2017
Washington State,9,4,3.04,3.58,6.62,45.65,9.56,8.26,4.64,3.9,3.31,6.95,3.73,PAC-12,2017
Utah,7,6,1.1,3.97,5.07,43.12,6.98,9.14,4.39,4.71,3.14,6.87,3.6,PAC-12,2017
Oregon,7,6,3.14,1.52,4.66,50.45,12.8,9.59,5.11,6,2.84,7.43,3.73,PAC-12,2017
Arizona State,7,6,5.76,-1.96,3.8,47.2,14.37,9.75,5.88,4.95,3.83,7.13,4.7,PAC-12,2017
Arizona,7,6,12.72,-9.55,3.17,55.43,21.51,9.6,6.22,7.4,4.32,8.35,5.01,PAC-12,2017
UCLA,6,7,6.49,-5.85,0.64,48.38,17.68,9.96,5.23,4.73,4.57,7.79,4.62,PAC-12,2017
California,5,7,-0.34,0.18,-0.16,40.91,10.94,8.1,5.84,4.23,3.14,6.38,4.16,PAC-12,2017
Colorado,5,7,-2.24,-0.36,-2.61,38.95,13.1,9.02,5.51,4.55,4.66,6.7,4.79,PAC-12,2017
Oregon State,1,11,-4.65,-8.92,-13.57,36.27,25.82,8.15,6.52,4.74,4.48,6.44,5.1,PAC-12,2017
Clemson,12,2,5.99,14.63,20.62,53.09,-3.72,8.93,4.01,6.1,1.79,7.4,2.78,ACC,2017
Miami (FL),10,3,7.05,7.94,14.98,48.53,3.95,9.17,4.97,6.33,2.4,7.79,3.55,ACC,2017
North Carolina State,9,4,8.62,3.54,12.17,50.29,7.83,9.12,5.71,5.91,2.69,7.5,4.16,ACC,2017
Wake Forest,8,5,10.47,0.95,11.42,53.46,10.11,10.3,5.52,5.83,2.92,7.87,4.16,ACC,2017
Virginia Tech,9,4,-2.54,13.1,10.56,43.23,-1.24,8.91,6.11,4.73,2.45,6.59,3.92,ACC,2017
Louisville,8,5,10.53,-0.85,9.67,55.79,12.18,10.1,6.5,7.61,3.13,8.85,4.5,ACC,2017
Boston College,7,6,2.09,7.3,9.39,44.99,4.33,7.74,4.68,6.06,3.72,6.73,4.01,ACC,2017
Florida State,7,6,-0.49,8.56,8.07,45.17,2.8,8.93,4.25,5.62,2.35,7.1,3.2,ACC,2017
Duke,7,6,0.46,6.77,7.23,44.07,5,7.44,6,5.26,3.09,6.28,4.14,ACC,2017
Georgia Tech,5,6,6.17,0.21,6.38,47.73,10.48,9.66,5.26,6.69,3.6,7.34,4.33,ACC,2017
Syracuse,4,8,3.46,-1.5,1.96,46.08,15.35,8.26,6.2,5.44,3.98,6.93,4.92,ACC,2017
Pitt,5,7,-1.03,2.24,1.21,40.43,9.32,8.54,6.35,4.99,3.25,6.63,4.71,ACC,2017
Virginia,6,7,-1.39,1.33,-0.06,39.77,12.72,7.47,5.21,4.29,3.58,6.17,4.22,ACC,2017
North Carolina,3,9,-0.52,-1.3,-1.82,43.52,15.59,8.09,6.28,5.26,3.65,6.7,4.64,ACC,2017
Oklahoma,12,2,17.63,1.42,19.05,63.82,9.01,13.37,5.71,6.95,3.49,9.88,4.42,BIG-12,2017
Texas Christian,11,3,2.41,12.3,14.71,47.98,-1.22,9.17,5.02,5.48,1.95,7.21,3.25,BIG-12,2017
Oklahoma State,10,3,15.09,-2,13.09,62.48,13.1,11.29,5.84,5.85,2.98,8.65,4.19,BIG-12,2017
Iowa State,8,5,1.93,7.84,9.77,44.64,2.08,8.91,5.39,4.47,2.85,6.84,3.9,BIG-12,2017
Texas,7,6,-0.31,8.52,8.21,43.74,1.36,8.22,5.11,4.62,2.05,6.48,3.42,BIG-12,2017
Kansas State,8,5,3.16,2.68,5.84,46.24,8.43,9.75,5.8,5.84,2.92,7.36,4.34,BIG-12,2017
West Virginia,7,6,7.77,-2.93,4.84,50.54,14.15,9.59,5.83,5.39,4.32,7.61,4.73,BIG-12,2017
Texas Tech,6,7,6.05,-3.04,3.01,50.47,14.32,9.43,5.22,5.2,3.55,7.51,4.32,BIG-12,2017
Baylor,1,11,-0.59,-5.88,-6.47,41.54,18.3,8.88,6.46,4.61,4.12,6.94,5.01,BIG-12,2017
Kansas,1,11,-7.24,-5.11,-12.35,34.86,24.11,7.44,7.22,4.25,3.37,5.98,4.84,BIG-12,2017
Wisconsin,13,1,8.27,14.34,22.61,53.05,-3.02,10.33,4.6,6.33,2.03,7.82,3.15,BIG-TEN,2017
Ohio State,12,2,9.81,12.01,21.82,60.35,-0.09,10.26,4.5,6.87,1.61,8.38,2.88,BIG-TEN,2017
Penn State,11,2,11.03,10.59,21.62,60.84,0.03,10.18,4.85,6.27,2.64,8.22,3.65,BIG-TEN,2017
Iowa,8,5,5.84,8.83,14.66,50.01,1.83,8.91,4.49,5.2,3.19,6.84,3.77,BIG-TEN,2017
Michigan State,10,3,2.27,11.56,13.83,43.59,0.33,8.72,5.04,5.26,2.15,6.83,3.57,BIG-TEN,2017
Michigan,8,5,3.85,9.59,13.44,45.46,1.56,8.26,4.5,5.78,2.26,6.84,3.24,BIG-TEN,2017
Northwestern,10,3,2.92,8.44,11.36,47.48,3.32,8.28,5.17,5.23,2.27,6.72,3.77,BIG-TEN,2017
Purdue,7,6,0.93,8.82,9.74,42.83,1.24,8.47,5.62,5.52,2.19,7.07,3.77,BIG-TEN,2017
Indiana,5,7,2.6,2.14,4.74,45.8,9.84,8.15,5.31,4.81,2.82,6.59,3.79,BIG-TEN,2017
Minnesota,5,7,-3.22,6.59,3.36,40.61,7.63,8.29,4.94,5.46,4.1,6.45,4.35,BIG-TEN,2017
Nebraska,4,8,5.95,-4.43,1.52,47.12,17.81,9.27,5.89,5.08,4.62,7.42,5.13,BIG-TEN,2017
Maryland,4,8,3.26,-2.23,1.03,46.09,18.04,8.13,5.23,6.09,3.56,6.96,4.29,BIG-TEN,2017
Rutgers,4,8,-7.17,4.9,-2.27,37.21,11.22,6.91,5.77,5.51,3.69,6.13,4.45,BIG-TEN,2017
Illinois,2,10,-6.84,-1.03,-7.87,33.66,15.01,7.94,5.86,4.5,4.03,6.16,4.57,BIG-TEN,2017
Georgia,13,2,9.97,12.5,22.47,54.24,-1.67,10.83,3.73,7.04,2.26,8.38,2.98,SEC,2017
Alabama,13,1,4.67,16.58,21.25,54.96,-4.79,10.2,3.53,6.94,1.6,8.23,2.47,SEC,2017
Auburn,10,4,5.78,12.17,17.95,50.17,-1.23,10.23,3.64,5.93,2.15,7.63,2.85,SEC,2017
Mississippi State,9,4,2.48,9.37,11.85,47.94,4.23,7.87,5.21,6.29,2.53,6.99,3.56,SEC,2017
LSU,9,4,2.88,8.9,11.77,43.73,3.02,10.61,5.02,6,2.66,7.74,3.67,SEC,2017
South Carolina,9,4,-0.35,8.13,7.77,40.12,4.26,8.82,5.02,5.07,2.68,6.96,3.76,SEC,2017
Missouri,7,6,9.19,-4.91,4.28,54.47,19.57,11.05,6.03,6.37,3.27,8.61,4.48,SEC,2017
Texas A&M,7,6,6.71,-3.35,3.36,48.12,14.92,8.95,5.7,5.05,3.01,6.95,4.1,SEC,2017
Ole Miss,6,6,8.37,-5.6,2.78,48.29,20.62,10.74,5.98,5.44,4.48,8.35,4.96,SEC,2017
Kentucky,7,6,1.35,-0.05,1.3,41.08,12.6,9.05,5.98,5.41,3.8,6.99,4.72,SEC,2017
Florida,4,7,-0.94,1.77,0.83,40.34,11.3,8.5,6.06,5.57,3.14,6.92,4.26,SEC,2017
Vanderbilt,5,7,-1.92,-0.2,-2.11,40.11,16.64,8.95,5.17,4.8,4.11,7.03,4.37,SEC,2017
Arkansas,4,8,4.2,-6.65,-2.45,45.41,19.66,9.04,6.48,5.74,3.93,7.22,4.9,SEC,2017
Tennessee,4,8,-4.83,1.66,-3.18,36.07,13.41,8.38,4.94,4.61,4.19,6.31,4.36,SEC,2017
Washington State,11,2,10.05,2.14,12.19,54.03,10.41,9.11,5.6,4.82,3.54,7.63,4.48,PAC-12,2018
Washington,10,4,-0.2,11.62,11.42,43.76,-0.9,10.21,3.96,5.57,2.64,7.49,3.28,PAC-12,2018
Utah,9,5,1.68,8.23,9.91,46.43,4.3,9.28,4.63,5.91,2.18,7.28,3.37,PAC-12,2018
Stanford,9,4,3.5,4.21,7.71,46.08,7.81,10.42,5.7,4.75,2.98,7.62,4.36,PAC-12,2018
Oregon,9,4,5.25,1.42,6.67,50.05,11.76,9.43,5.39,5.46,3.23,7.18,4.16,PAC-12,2018
Arizona State,7,6,5.2,0.17,5.37,48.35,11.63,9.44,5.73,6.19,3.7,7.57,4.59,PAC-12,2018
USC,5,7,0.55,1.68,2.22,42.74,9.79,9.35,4.84,5.22,3.37,7.21,4.01,PAC-12,2018
California,7,6,-5.72,7.39,1.67,37,5.34,7.6,4.11,5.19,2.81,6.27,3.27,PAC-12,2018
Arizona,5,7,2.69,-3.27,-0.57,45.68,16.64,9.71,5.8,5.87,3.32,7.56,4.48,PAC-12,2018
Colorado,5,7,-1.51,0.34,-1.17,41.73,12.42,8.85,5.3,4.58,2.77,6.62,3.87,PAC-12,2018
UCLA,3,9,1.68,-3.87,-2.19,45.09,15.66,9.29,5.62,5.67,3.46,7.29,4.35,PAC-12,2018
Oregon State,2,10,0.63,-11.49,-10.86,43.32,28.96,8.85,6.38,5.05,6,6.78,6.01,PAC-12,2018
Clemson,15,0,9.41,17.04,26.45,61.9,-5.8,10,4.36,7.97,1.35,8.73,2.88,ACC,2018
Syracuse,10,3,10.39,1.75,12.14,54.29,10.12,8.64,5.81,5.35,3.06,6.67,4.5,ACC,2018
Virginia,8,5,-0.26,7.38,7.11,42.18,3.42,9.1,4.89,5.24,2.95,6.72,3.97,ACC,2018
North Carolina State,9,4,2.18,4.62,6.8,48.37,9.38,9.49,6.29,5.07,3.11,7.14,4.89,ACC,2018
Miami (FL),7,6,-3.13,9.7,6.58,44.79,2.57,7.81,3.92,6.2,2.25,6.75,3.05,ACC,2018
Duke,8,5,2.82,3.54,6.37,47.35,10.32,8.52,4.48,5.52,3.62,6.82,4.32,ACC,2018
Pitt,7,7,1.25,4.45,5.7,44.57,8.16,8.28,5.33,6.88,3.38,7.29,4.42,ACC,2018
Boston College,7,5,2.04,2.57,4.61,46.35,7.8,9.17,5.15,5.19,2.77,6.57,3.93,ACC,2018
Georgia Tech,7,6,4.43,-1.66,2.76,49.96,13.35,10.56,6.11,6.54,3.19,7.32,4.64,ACC,2018
Wake Forest,7,6,4.56,-2.15,2.41,49.04,17.12,8.41,5.6,5.76,3.58,6.67,4.7,ACC,2018
Virginia Tech,6,7,3.51,-3.88,-0.37,47.05,16.07,9.62,6.25,5.69,4.39,7.3,5.37,ACC,2018
Florida State,5,7,-1.22,-0.45,-1.67,40.26,13.34,8.97,5.62,4.13,2.28,6.54,4.02,ACC,2018
North Carolina,2,9,2.63,-7.38,-4.75,44.17,19.69,8.32,6.04,6.44,4.01,7.21,5.01,ACC,2018
Louisville,2,10,-3.61,-6.23,-9.84,39.16,25.67,8.22,6.57,5.8,4.91,6.81,5.59,ACC,2018
Oklahoma,12,2,21.41,-3.35,18.06,68.7,13.55,13.26,5.99,8.1,2.95,10.19,4.64,BIG-12,2018
West Virginia,8,4,10.45,2.14,12.6,57.94,8.46,11.24,5.94,5.82,2.93,8.4,4.44,BIG-12,2018
Texas,10,4,5.83,5.33,11.15,49.92,4.4,9.54,4.83,5.05,2.18,6.96,3.68,BIG-12,2018
Iowa State,8,5,1.25,6.53,7.78,44.33,3.75,10.47,4.97,4.85,2.26,7.17,3.6,BIG-12,2018
Oklahoma State,7,6,10.15,-3.33,6.82,55.69,13.58,9.61,5.48,6.13,3.57,7.66,4.55,BIG-12,2018
Texas Tech,5,7,5.12,-0.03,5.09,53.24,11.05,9.54,5.63,4.72,2.75,7.17,4.23,BIG-12,2018
Texas Christian,7,6,-4.55,8.43,3.88,40.42,3.15,8.43,4.19,5.36,2.58,6.59,3.32,BIG-12,2018
Baylor,7,6,3.71,-0.47,3.25,46.93,13.81,9.38,5.74,5.63,4.4,7.3,5.13,BIG-12,2018
Kansas State,5,7,-2.41,3.81,1.39,40.42,6.96,8.32,4.96,5.74,3.78,6.55,4.49,BIG-12,2018
Kansas,3,9,-3.3,-1.56,-4.86,41.02,12.89,7.78,6.41,5.67,3.49,6.52,4.82,BIG-12,2018
Ohio State,13,1,15.24,2.5,17.74,62.53,8.99,11.12,5.42,5.69,3.29,8.21,4.51,BIG-TEN,2018
Michigan,10,3,5.92,10.56,16.47,54.84,0.39,10.03,4,6.27,2.45,7.61,3.19,BIG-TEN,2018
Iowa,9,4,3.6,9.53,13.14,49.89,0.99,8.94,4.44,5.33,1.73,6.83,3.15,BIG-TEN,2018
Penn State,9,4,5.05,7.27,12.32,54.17,3.07,9.43,4.39,6.55,2.35,7.65,3.37,BIG-TEN,2018
Wisconsin,8,5,3.5,4.17,7.68,48.37,6.32,8.73,5.54,7.54,3.24,7.9,4.39,BIG-TEN,2018
Northwestern,9,5,2.41,5.1,7.51,44.67,5.18,8.64,5.68,4.47,2.44,6.34,4.21,BIG-TEN,2018
Purdue,6,7,5.72,1.32,7.04,51.38,10.67,9.85,5.91,5.93,3.05,7.86,4.58,BIG-TEN,2018
Michigan State,7,6,-5.9,11.91,6.01,37.35,-2.84,7.65,4.53,4.73,1.17,6.09,3.11,BIG-TEN,2018
Minnesota,7,6,0.93,4.35,5.28,46.03,7.32,9.41,5.05,5.43,3.68,6.89,4.45,BIG-TEN,2018
Nebraska,4,8,5.53,-2.04,3.48,49.23,14.03,9.1,5.16,6.93,3.9,7.77,4.56,BIG-TEN,2018
Maryland,5,7,2.87,0.01,2.88,47.85,10.52,9.17,5.82,7.1,3.31,7.71,4.38,BIG-TEN,2018
Indiana,5,7,3.9,-1.46,2.44,47.43,11.7,8.6,6.16,5.82,3.36,7.09,4.69,BIG-TEN,2018
Illinois,4,8,-0.15,-5.9,-6.05,42.86,24.11,7.76,7.26,7.14,4.66,7.31,5.89,BIG-TEN,2018
Rutgers,1,11,-11.77,2.12,-9.65,32.55,13.38,6.28,4.89,5.19,3.78,5.53,4.35,BIG-TEN,2018
Alabama,14,1,12.19,13.1,25.29,64.54,-3.29,12.98,4.01,6.82,1.67,9.35,2.94,SEC,2018
Georgia,11,3,9.53,11.17,20.69,57.85,-1.14,10.97,3.46,7.46,2.73,8.7,3.29,SEC,2018
LSU,10,3,8.4,6.81,15.2,52.79,2.34,9.73,3.78,5.63,2.17,7.19,3.11,SEC,2018
Florida,10,3,5.91,7.75,13.66,54.6,3.01,9.67,4.14,6.78,3,7.86,3.58,SEC,2018
Texas A&M,9,4,10.78,2.82,13.61,57.57,5.61,9.48,5.91,7.07,1.65,8.02,4.01,SEC,2018
Mississippi State,8,5,-2.98,16.22,13.24,48.69,-6.24,9.01,3.4,7.25,1.39,7.83,2.52,SEC,2018
Missouri,8,5,9.51,3.63,13.14,56.47,5.8,10.18,5.53,6.19,2.03,7.85,3.93,SEC,2018
Kentucky,10,3,0.57,11.49,12.06,46.1,-1.67,9.27,4.61,6.4,2.62,7.34,3.63,SEC,2018
Auburn,8,5,0.59,10.17,10.76,50.71,-0.41,9.78,4.49,5.88,2.35,7.38,3.47,SEC,2018
South Carolina,7,6,5.42,1.92,7.34,50.45,7.95,10.01,4.85,5.87,2.95,7.75,3.9,SEC,2018
Vanderbilt,6,7,3.5,2.75,6.25,47.46,7.79,9.69,5.44,6.4,3.61,7.85,4.53,SEC,2018
Ole Miss,5,7,7,-4.19,2.81,53.33,17.32,11.26,5.97,6.44,3.72,8.77,4.76,SEC,2018
Tennessee,5,7,-3.21,3.59,0.39,43.55,8.31,9.93,5.17,5.23,2.7,7.07,3.93,SEC,2018
Arkansas,2,10,-3.67,-0.96,-4.63,41.14,15.36,8.05,6.27,5.46,2.77,6.48,4.28,SEC,2018
Oregon,12,2,6.3,10.72,17.02,52.75,0.31,10.29,3.92,6.38,2.16,7.97,3.21,PAC-12,2019
Utah,11,3,1.16,13.7,14.86,47.4,-1.16,11.81,3.92,6.01,1.96,7.89,3.11,PAC-12,2019
Washington,8,5,4.24,8.14,12.38,47.23,2.94,9.76,4.06,5.47,2.73,7.23,3.49,PAC-12,2019
USC,8,5,10.4,-1.53,8.87,52.49,13.39,11,4.63,5.56,3.25,8.3,4.15,PAC-12,2019
Arizona State,8,5,-0.21,4.93,4.72,39.93,6.03,10.34,5.29,4.86,2.4,7.14,3.97,PAC-12,2019
Washington State,6,7,9.65,-5.79,3.86,54.2,17.2,10.04,6.35,5.57,3.78,8.56,5.31,PAC-12,2019
California,8,5,-3.76,7.15,3.39,37.13,5.01,8.94,4.89,4.97,2.44,6.52,3.79,PAC-12,2019
Oregon State,5,7,6.03,-4.02,2.01,47.82,16.26,9.31,5.67,5.92,3.14,7.37,4.42,PAC-12,2019
Colorado,5,7,-0.09,0.07,-0.02,41.03,13.58,9.21,5.45,5.59,3.27,7.06,4.71,PAC-12,2019
UCLA,4,8,3.38,-3.93,-0.55,45.12,18.13,9.4,6.67,5.27,3.02,6.92,4.99,PAC-12,2019
Stanford,4,8,-2.36,-0.02,-2.38,39.28,10.75,9.56,5.99,5.16,3.09,7.29,4.63,PAC-12,2019
Arizona,4,8,2.33,-6.57,-4.25,42.98,19.25,9.54,5.76,5.95,3.62,7.43,4.77,PAC-12,2019
Clemson,14,1,5.67,15.37,21.04,59.24,-4.79,10.31,3.74,7.9,1.64,8.93,2.72,ACC,2019
North Carolina,7,6,5.95,0.43,6.38,49.7,9.63,10.78,5.78,6.38,2.75,8.25,4.24,ACC,2019
Virginia,9,5,5.89,0.4,6.29,48.76,12.42,9.24,6.11,5.46,2.68,7.39,4.31,ACC,2019
Virginia Tech,8,5,3.48,-0.11,3.37,45.07,12.72,10.35,5.46,5.4,2.91,7.15,4.23,ACC,2019
Wake Forest,8,5,4.75,-1.52,3.23,46.56,14.4,9.84,5.75,5.33,2.92,7.2,4.42,ACC,2019
Louisville,8,5,8.44,-5.34,3.09,50.19,17.8,12.12,5.94,6.52,3.86,8.36,4.84,ACC,2019
Miami (FL),6,7,-3.58,5.55,1.97,39.64,6.26,9.16,4.89,5.16,2.04,7.12,3.39,ACC,2019
Florida State,6,7,2.21,-0.43,1.78,43.33,11.47,9.81,5.07,5.3,2.19,7.3,3.7,ACC,2019
Pitt,8,5,-4.49,5.09,0.6,34.92,6.49,8.19,4.24,4.87,1.69,6.56,3.05,ACC,2019
Duke,5,7,-1.52,1.63,0.11,41.03,13.17,7.65,4.66,5.1,3.1,6.1,3.77,ACC,2019
Boston College,6,7,3.29,-3.66,-0.37,44.92,17.68,9.65,6.36,6.59,3.45,7.51,4.97,ACC,2019
Syracuse,5,7,-0.75,-2.03,-2.79,42.01,16.19,8.89,5.8,5.06,3.51,6.66,4.69,ACC,2019
North Carolina State,4,8,-7.68,-0.14,-7.82,34.91,14.63,7.46,5.36,5.58,2.58,6.45,4.08,ACC,2019
Georgia Tech,3,9,-5.23,-3.27,-8.49,34.92,18.21,8.34,5.99,5.97,3.56,6.77,4.51,ACC,2019
Oklahoma,12,2,12.84,2.95,15.79,59.44,8.49,12.83,5.22,7.54,2.64,9.53,3.93,BIG-12,2019
Texas,8,5,10.76,1.42,12.18,54.51,8.5,10.08,5.53,6.57,2.59,8.16,4.27,BIG-12,2019
Baylor,11,3,4.33,7.79,12.12,50.26,2.77,9.75,4.25,6.11,2.06,7.68,3.19,BIG-12,2019
Iowa State,7,6,6.42,1.49,7.92,49.78,7.93,10.35,4.85,5.65,2.34,8.04,3.65,BIG-12,2019
Oklahoma State,8,5,5.82,1.56,7.39,49.4,8.87,10.02,5.43,6.87,2.89,8.01,4.17,BIG-12,2019
Kansas State,8,5,1.19,5.84,7.02,45.23,4.19,9.32,5.33,5.9,3.42,7.04,4.49,BIG-12,2019
Texas Christian,5,7,2.67,2.59,5.27,46.26,7.57,7.88,4.44,6.28,2.72,6.84,3.53,BIG-12,2019
Texas Tech,4,8,2.01,-2.66,-0.65,45.68,13.98,9.15,7.21,5.74,2.96,7.51,5.01,BIG-12,2019
West Virginia,5,7,-3.55,0.62,-2.92,37.77,11.26,8.49,5.86,4.19,2.21,6.5,3.83,BIG-12,2019
Kansas,3,9,-1.79,-3.94,-5.73,39.95,18.37,8.79,5.99,6.11,3.38,7.35,4.51,BIG-12,2019
Ohio State,13,1,14.04,13.36,27.39,69.25,-5.17,11.65,3.65,7.7,1.3,9.06,2.54,BIG-TEN,2019
Wisconsin,10,4,5.48,12.25,17.73,55.33,-3.22,10.41,4.05,7.27,1.81,8.35,3.14,BIG-TEN,2019
Penn State,11,2,5.84,11.5,17.34,54.81,-1.55,10,5.21,6.77,1.33,7.99,3.34,BIG-TEN,2019
Michigan,9,4,7.4,8.1,15.5,53.59,0.12,10.44,4.61,5.81,1.38,7.75,2.9,BIG-TEN,2019
Iowa,10,3,0.6,14,14.6,44.55,-4.12,9.42,3.9,5.58,2.16,7.27,3.2,BIG-TEN,2019
Minnesota,11,2,9.23,2.5,11.73,52.38,7.35,12.36,5.43,5.73,2.26,8.06,3.85,BIG-TEN,2019
Michigan State,7,6,-0.23,6.29,6.06,42.68,3.83,9.12,4.7,5.45,1.91,7.13,3.46,BIG-TEN,2019
Indiana,8,5,3.73,2.06,5.79,48.95,8.58,10.34,5.41,5.25,2.6,7.67,4.03,BIG-TEN,2019
Nebraska,5,7,2.91,-0.25,2.67,47.63,10.57,10.07,4.7,6.19,3.53,7.55,4.19,BIG-TEN,2019
Illinois,6,7,2.21,-2.29,-0.08,44.66,13.19,8.67,6.11,5.4,3.46,6.68,4.49,BIG-TEN,2019
Purdue,4,8,4.13,-4.65,-0.52,45.72,13.55,9.34,5.96,4.62,3.23,7.28,4.62,BIG-TEN,2019
Northwestern,3,9,-9.93,6.81,-3.13,33.85,5.22,6.49,4.43,5.51,2.52,5.78,3.51,BIG-TEN,2019
Maryland,3,9,-5.71,2.53,-3.18,44.06,16.39,8.25,5.76,6.56,3.09,7.17,4.43,BIG-TEN,2019
Rutgers,2,10,-10.92,-0.24,-11.16,31.01,17.21,7.84,5.93,5.25,3.49,6.13,4.64,BIG-TEN,2019
LSU,15,0,18.8,7,25.8,68.23,2.05,12.7,4.39,6.8,1.65,9.78,3.15,SEC,2019
Alabama,11,2,13.02,8.09,21.11,64.63,1.9,12.99,4.33,6.79,2.22,9.7,3.26,SEC,2019
Georgia,12,2,2.74,14.9,17.64,50.57,-5.11,9.85,3.95,6.78,0.94,8.07,2.62,SEC,2019
Auburn,9,4,5.92,10.34,16.26,53.09,-1.43,8.9,3.49,6.57,1.61,7.42,2.7,SEC,2019
Florida,11,2,4.83,10.38,15.22,51.94,-0.21,10.49,5.24,6.11,1.78,8.37,3.44,SEC,2019
Texas A&M,8,5,3.06,6.95,10.02,48.63,3.55,8.86,4.48,6.69,2.15,7.69,3.36,SEC,2019
Kentucky,8,5,-0.26,6.18,5.92,42.98,4.66,7.25,4.43,7.8,3.1,7.61,3.8,SEC,2019
Tennessee,8,5,-0.2,5.33,5.13,42.17,5.48,9.83,4.98,5.68,2.01,7.44,3.32,SEC,2019
Mississippi State,6,7,3.51,1.37,4.87,46.75,9.62,9.51,6.51,7.03,2.41,7.89,4.33,SEC,2019
Missouri,6,6,-2.29,5.17,2.88,42.71,5.83,8.8,5.02,5.54,2.19,6.89,3.47,SEC,2019
Ole Miss,4,8,1.16,1.07,2.24,43.8,8.31,9.17,5.78,6.92,2.27,7.72,4.14,SEC,2019
South Carolina,4,8,-0.86,2.2,1.34,44.31,6.89,8.03,5.02,6.49,2.25,7.21,3.58,SEC,2019
Arkansas,2,10,-2.6,-3.98,-6.58,39.79,18.33,7.91,6.01,6.45,3.83,7.02,4.68,SEC,2019
Vanderbilt,3,9,-8.23,-2.05,-10.28,35.27,15.55,7.45,6.73,5.94,3.78,6.58,4.94,SEC,2019
USC,5,1,4.72,0.6,5.32,38.55,17.95,8.05,5.93,3.71,2.99,6.39,4.18,PAC-12,2020
Arizona State,2,2,-1.84,3.59,1.75,43.94,16.2,9.73,6.14,6.79,3.83,8.08,4.62,PAC-12,2020
Oregon,4,3,1.38,-0.58,0.81,38.72,19.9,9.75,6.11,5.67,3.53,7.63,4.4,PAC-12,2020
Utah,3,2,-1.33,1.99,0.67,35.1,18.91,7.88,6.34,5.39,3.2,6.67,4.68,PAC-12,2020
Washington,3,1,0.09,0.02,0.11,33.6,20.52,8.56,6.09,4.41,3.69,6.39,4.48,PAC-12,2020
UCLA,3,4,6.86,-6.97,-0.11,42.75,24.67,8.75,6.61,5.41,2.97,7.01,4.51,PAC-12,2020
Colorado,4,2,0.32,-1.99,-1.66,36.05,22.34,7.59,6.24,5.49,4.53,6.45,5.15,PAC-12,2020
Stanford,4,2,1.66,-4.67,-3,35.93,25.05,8.83,7.78,4.58,4.72,7.03,5.78,PAC-12,2020
Oregon State,2,5,0.86,-8.13,-7.27,36.22,26.79,7.19,6.81,5.9,4.76,6.71,5.39,PAC-12,2020
California,1,3,-12.17,2.06,-10.11,24.58,16.8,6.2,6.36,3.73,3.44,5.15,4.38,PAC-12,2020
Washington State,1,3,-2.62,-8.71,-11.34,34.54,30.06,7.84,7.32,5.42,4.19,6.93,5.6,PAC-12,2020
Arizona,0,5,-11.63,-2.45,-14.08,25.5,29.53,6.87,7.22,4.99,5.11,6.09,5.63,PAC-12,2020
Clemson,10,2,9.1,7.73,16.82,56.39,7.55,9.32,6.55,5.43,2.29,7.59,4.03,ACC,2020
Notre Dame,10,2,2.01,9.31,11.32,44.81,5.31,8.67,6.06,5.99,3.08,7.24,4.46,ACC,2020
North Carolina,8,4,10.1,-3.07,7.03,52.75,18.58,10.96,6.8,6.41,3.63,8.41,5.01,ACC,2020
Miami (FL),8,3,3.33,3.23,6.56,46.32,12.8,8.92,5.54,5.19,3.56,7.04,4.44,ACC,2020
Pitt,6,5,-2.3,3.85,1.54,40.78,13.1,7.63,6.23,4.08,1.84,6.02,3.88,ACC,2020
Virginia Tech,5,6,2.65,-1.14,1.51,43.37,16.78,9.44,6.2,6.54,4.29,7.62,5.07,ACC,2020
North Carolina State,8,4,2.59,-2.25,0.35,40.46,17.6,8.73,6.24,4.13,3.45,6.45,4.66,ACC,2020
Boston College,6,5,0.63,-0.67,-0.04,39.3,15.31,8.77,6.75,3.97,3.78,6.58,5.04,ACC,2020
Wake Forest,4,5,5.56,-5.89,-0.33,48.33,20.57,8.78,6.6,4.72,3.8,6.64,4.94,ACC,2020
Virginia,5,5,0.17,-0.56,-0.39,41.36,15.17,7.71,7.95,5.08,3.02,6.51,5.21,ACC,2020
Louisville,4,7,0.13,-0.91,-0.78,41.65,16.12,9.5,6.69,6.11,4.15,7.64,5.06,ACC,2020
Georgia Tech,3,7,-4.05,-3.8,-7.85,35.93,23.94,7.74,6.79,5.63,3.83,6.6,4.96,ACC,2020
Florida State,3,6,-2.27,-6.6,-8.87,36.41,24.07,6.95,7.02,6.02,4.38,6.52,5.47,ACC,2020
Duke,2,9,-5.36,-7.52,-12.88,35.61,26.58,7,6.91,4.51,4.42,5.75,5.33,ACC,2020
Syracuse,1,10,-10.19,-2.74,-12.92,29.98,18.05,6.52,6.21,4.09,3.82,5.43,4.68,ACC,2020
Oklahoma,9,2,9.57,8.04,17.62,55.57,7.47,10.8,5.43,5.84,2.37,8.09,4.03,BIG-12,2020
Iowa State,9,3,5.1,8.83,13.93,47.13,5.85,9.41,6.15,6.39,2.1,7.71,4.13,BIG-12,2020
Texas,7,3,12.68,-0.73,11.95,57.49,16.09,9.37,5.67,6.52,2.65,7.87,4.19,BIG-12,2020
Oklahoma State,8,3,3.64,6.82,10.46,44.93,8.63,9.27,5.6,5.41,3.05,6.92,4.18,BIG-12,2020
Texas Christian,6,4,2.03,5.38,7.41,43.86,9.58,8.64,6.23,6.49,2.78,7.3,4.38,BIG-12,2020
West Virginia,6,4,-2.14,8.11,5.97,38.98,8.2,8.15,5.48,4.87,2.5,6.54,3.84,BIG-12,2020
Baylor,2,7,-2.02,2.5,0.48,38.02,13.1,7.48,5.69,4.09,3.12,5.78,4.23,BIG-12,2020
Kansas State,4,6,-0.96,0.95,-0.01,40.11,16.64,8.84,6.29,5.68,3.73,6.91,4.93,BIG-12,2020
Texas Tech,4,6,5.64,-7.31,-1.67,43.28,22.72,8.09,6.14,6.12,3.43,7.11,4.69,BIG-12,2020
Kansas,0,9,-7.61,-5.92,-13.53,33,30.63,6.44,6.21,4.07,4.59,5.07,5.31,BIG-12,2020
Ohio State,7,1,16.07,5.3,21.37,54.29,15.02,10.02,7.61,6.97,3.22,8.44,5.41,BIG-TEN,2020
Iowa,6,2,4.26,9.52,13.77,40.54,11.28,6.07,6.75,5.14,2.84,5.9,4.32,BIG-TEN,2020
Indiana,6,2,2.46,11.25,13.71,35.32,10.28,6.87,6.53,3.76,3.72,5.63,4.81,BIG-TEN,2020
Northwestern,7,2,-0.44,12.99,12.55,34.07,8.19,6.02,5.36,4.51,4,5.35,4.27,BIG-TEN,2020
Wisconsin,4,3,-3.47,12.09,8.62,35.12,9.06,6.34,7.08,4.13,3,5.34,4.77,BIG-TEN,2020
Penn State,4,5,3,1.21,4.22,37.34,20.14,7.28,7.04,4.38,3.22,5.91,4.57,BIG-TEN,2020
Maryland,2,3,1.19,-0.7,0.49,35.05,26.24,8.72,7.01,5.02,4.94,7.27,5.55,BIG-TEN,2020
Nebraska,3,5,-2.27,2.41,0.14,32.45,20.82,6.32,7.78,5.32,3.73,6.02,5.14,BIG-TEN,2020
Purdue,2,4,2.79,-2.97,-0.18,36.49,24.65,6.88,9.21,3.49,3.04,6.16,5.51,BIG-TEN,2020
Michigan,2,4,4.17,-5.42,-1.25,38.32,29.41,7.14,8.13,5.07,4.44,6.56,5.77,BIG-TEN,2020
Minnesota,3,4,1.6,-2.93,-1.32,34.7,23.73,7.02,8.22,5.11,5.97,6.07,6.5,BIG-TEN,2020
Rutgers,3,6,0.64,-3.02,-2.38,33.24,24.58,5.25,7.87,4.38,4.36,5.1,5.36,BIG-TEN,2020
Michigan State,2,5,-4.39,1.47,-2.93,29.85,25.29,7.29,7.27,3.48,3.57,5.67,4.96,BIG-TEN,2020
Illinois,2,6,-3.22,-3.17,-6.39,31.16,28.56,6.32,9.9,5.52,5.13,6.09,6.65,BIG-TEN,2020
Alabama,13,0,16.47,13.79,30.26,60.07,7.32,11.74,5.46,5.8,2.74,8.73,3.87,SEC,2020
Georgia,8,2,8.12,11.21,19.33,44.08,9.25,9.23,6,5.43,1.84,7.33,3.8,SEC,2020
Florida,8,4,15.62,1.23,16.85,50.2,19.24,10.34,6.44,4.95,4.04,8.14,4.98,SEC,2020
Texas A&M,9,1,6.11,10.13,16.24,41.84,10.7,8.3,5.99,6,3.02,7.22,4.28,SEC,2020
Auburn,6,5,1.86,7.75,9.61,36.73,13.9,7.63,6.41,5.35,3.8,6.63,4.72,SEC,2020
Ole Miss,5,5,16.11,-8.05,8.07,49.75,29.22,11.05,7.4,5,5.21,7.75,5.91,SEC,2020
LSU,5,5,6.89,-0.25,6.64,41.17,23.76,8.2,8.44,3.74,4.58,6.3,6.15,SEC,2020
Kentucky,5,6,-2.66,8.79,6.12,31.44,14.91,6.12,5.66,5.67,4.02,6,4.44,SEC,2020
Arkansas,3,7,2.36,1.63,3.99,37.1,21.27,9.17,5.24,4.72,4.26,6.72,4.36,SEC,2020
Mississippi State,4,7,-1.21,5.15,3.94,32.74,17.24,6.76,6.28,2.98,3.03,5.84,4.45,SEC,2020
Missouri,5,5,2.35,-0.43,1.92,36.76,22.71,8.06,6.95,4.54,4.37,6.51,5.2,SEC,2020
Tennessee,3,7,-0.72,2.21,1.49,32.9,19.66,8.17,7.43,4.41,3.04,6.24,4.74,SEC,2020
South Carolina,2,8,-1.92,-1.46,-3.38,33.12,26.2,6.86,7.83,5.06,4.52,6.04,5.59,SEC,2020
Vanderbilt,0,9,-10.91,-0.7,-11.61,23.07,27.45,7.03,8.06,3.48,5.46,5.38,6.39,SEC,2020
Utah,10,4,7.83,4.43,12.26,50.69,6.88,9.24,5.08,6.65,2.43,7.66,3.83,PAC-12,2021
UCLA,8,4,9.09,-1.85,7.25,51.89,13.48,9.97,5.54,6.27,2.98,7.72,4.38,PAC-12,2021
Arizona State,8,5,1.79,4.7,6.49,42.5,7.44,9.79,5.14,6.17,2.72,7.55,3.86,PAC-12,2021
Oregon,10,4,5.23,0.99,6.22,46.99,10.97,9.47,5.21,6.36,2.78,7.61,4,PAC-12,2021
Oregon State,7,6,4.43,-0.27,4.16,45.99,12.53,9.96,5.83,6.22,3.38,7.67,4.57,PAC-12,2021
Washington State,7,6,1.6,1.45,3.05,42.05,10.69,9.03,4.87,4.9,3.66,6.98,4.32,PAC-12,2021
California,5,7,-4.66,3.34,-1.32,36.14,8.64,8.55,5.11,5.54,3.25,6.93,4.2,PAC-12,2021
USC,4,8,3.16,-4.86,-1.7,45.02,17.23,9.12,7.11,5.45,3.51,7.31,5.13,PAC-12,2021
Washington,4,8,-7.01,2.36,-4.65,35.21,9.3,8.32,3.88,4.02,3.76,6.14,3.82,PAC-12,2021
Stanford,3,9,-3.89,-1.9,-5.79,37.6,16.46,8.99,5.81,4.39,4.54,6.68,5.1,PAC-12,2021
Colorado,4,8,-6.43,-0.16,-6.6,35.13,12.26,7.8,5.59,4.64,3.71,5.84,4.76,PAC-12,2021
Arizona,1,11,-7.97,-4.43,-12.4,32.76,17.33,8.13,6.62,4.82,3.48,6.33,4.71,PAC-12,2021
Pitt,11,3,8.83,3.49,12.32,54.11,8,9.87,5.82,4.97,1.31,7.43,3.73,ACC,2021
Clemson,10,3,-0.61,12.04,11.43,42.78,-1.29,7.66,4.45,6.1,1.62,6.73,3.14,ACC,2021
Wake Forest,11,3,14.35,-3.07,11.28,56.6,14.06,9.69,5.61,5.29,3.64,7.31,4.66,ACC,2021
North Carolina State,9,3,3.23,6.99,10.22,47.29,3.95,9.35,4.62,5.28,2.66,7.37,3.68,ACC,2021
Miami (FL),7,5,5.43,-0.33,5.09,49.34,11.2,9.62,5.05,5.02,2.68,7.4,3.9,ACC,2021
Louisville,6,7,4.42,-0.38,4.03,47.81,11.38,10.25,5.76,6.58,2.97,8.04,4.51,ACC,2021
North Carolina,6,7,8.34,-4.57,3.77,50.12,15.71,10.16,6.54,6.56,3.68,8.03,4.87,ACC,2021
Virginia,6,6,5.39,-3.15,2.24,49.03,14.63,9.82,5.97,5.5,4.57,8.09,5.23,ACC,2021
Florida State,5,7,0.34,0.3,0.64,42.78,10.17,8.78,5.58,5.93,2.3,7.09,3.83,ACC,2021
Syracuse,5,7,-0.11,-0.06,-0.17,41.48,11.54,8.04,5.88,6.62,2.35,7.08,3.96,ACC,2021
Virginia Tech,6,7,-3.13,2.8,-0.33,37.57,9.31,8.55,5.9,5.72,3.62,6.72,4.58,ACC,2021
Boston College,6,6,-4.48,3.48,-1,37.33,9.07,8.62,5.79,5.27,3.23,6.56,4.37,ACC,2021
Georgia Tech,3,9,-0.27,-1.63,-1.91,40.41,16.52,8.57,8.13,5.77,3.27,6.9,5.23,ACC,2021
Duke,3,9,-6.09,-5.67,-11.76,34.45,23.85,7.95,7.6,4.87,4.19,6.21,5.79,ACC,2021
Oklahoma State,12,2,4.66,9.9,14.57,48.12,0.93,8.81,4.42,5.63,1.07,6.85,2.91,BIG-12,2021
Baylor,12,2,3.59,9.91,13.5,47.25,1.38,9.47,5.38,6.9,1.86,7.81,3.67,BIG-12,2021
Oklahoma,11,2,10.13,1.63,11.75,55.09,9.31,10.18,5.66,6.96,2.21,8.37,4.14,BIG-12,2021
Kansas State,8,5,2.17,6.95,9.12,42.5,4.05,9.98,5.6,6.11,2.36,7.6,3.85,BIG-12,2021
Iowa State,7,6,3.01,6.07,9.08,47.87,4.79,9.36,5.31,6.65,2.09,7.92,3.66,BIG-12,2021
Texas,5,7,8.31,-3.2,5.11,52.84,14.2,9.42,5.05,6.83,3.53,7.84,4.4,BIG-12,2021
Texas Tech,7,6,4.84,-2.27,2.57,45.66,13.98,10.1,5.76,6.15,2.67,7.9,4.3,BIG-12,2021
West Virginia,6,7,-2.25,3.79,1.54,41.58,6.89,8.81,5.44,4.98,2.29,6.77,3.89,BIG-12,2021
Texas Christian,5,7,3.91,-4.36,-0.45,45.22,18.11,10.98,7.62,6.63,4.27,8.2,5.71,BIG-12,2021
Kansas,2,10,-3.11,-8.01,-11.12,36.75,25.09,8.47,7.01,5.37,4.4,6.56,5.54,BIG-12,2021
Michigan,12,2,9.68,10.12,19.8,55.61,-0.02,10.39,4.35,6.76,2.35,8.13,3.44,BIG-TEN,2021
Ohio State,11,2,14.31,5.23,19.53,64.59,5.93,12.05,4.83,7.05,2.43,9.6,3.81,BIG-TEN,2021
Michigan State,11,2,9.07,5.34,14.41,49.29,6.45,10.19,5.26,6.25,2.4,7.9,4.01,BIG-TEN,2021
Wisconsin,9,4,2.18,11.69,13.87,46.53,-0.33,9.04,4.44,6.35,1.01,7.24,2.9,BIG-TEN,2021
Penn State,7,6,2.42,8.8,11.22,43.91,0.35,9.14,4.34,4.88,2.41,6.98,3.4,BIG-TEN,2021
Purdue,9,4,4.33,6.25,10.58,48.07,4.63,10.3,5.39,4.47,2.94,7.72,4.2,BIG-TEN,2021
Minnesota,9,4,2.13,8.04,10.17,44.07,2.08,10.34,4.77,5.9,2.4,7.19,3.61,BIG-TEN,2021
Iowa,10,4,0.36,9.09,9.45,42.78,2.43,8.42,4.46,4.95,1.78,6.38,3.22,BIG-TEN,2021
Nebraska,3,9,2.13,4.97,7.1,47.31,4.68,11.39,4.64,6.03,2.79,8.1,3.82,BIG-TEN,2021
Maryland,7,6,3.12,0.32,3.44,48.05,14.88,10.13,6.29,5.63,2.78,7.88,4.5,BIG-TEN,2021
Illinois,5,7,-2.69,4.88,2.2,39.13,5.63,7.56,5.17,5.85,2.76,6.47,3.83,BIG-TEN,2021
Rutgers,5,8,-6.99,5.66,-1.32,36.47,8.94,7.75,6.8,5.05,2.94,6.13,4.63,BIG-TEN,2021
Indiana,2,10,-5.16,0.46,-4.7,37.04,13.57,7.53,5.12,4.87,2.92,5.99,3.94,BIG-TEN,2021
Northwestern,3,9,-5.94,0.22,-5.72,35.28,14.58,7.71,5.61,5.34,4.15,6.28,4.92,BIG-TEN,2021
Georgia,14,1,5.85,18.77,24.62,56.58,-8.14,11.11,3.59,6.84,0.97,8.59,2.52,SEC,2021
Alabama,13,2,11.88,7.75,19.62,58.67,1.83,11.03,4.94,5.62,1.2,8.24,3.11,SEC,2021
Arkansas,9,4,5.88,5.66,11.54,48.72,5.49,10.85,5.48,6.61,2.71,8,3.91,SEC,2021
Ole Miss,10,3,8.27,3.16,11.43,51.07,7.12,10.18,4.87,6.41,3.11,7.89,3.93,SEC,2021
Texas A&M,8,4,0.53,10.25,10.77,44.76,0.58,8.53,4.17,6.63,2.63,7.42,3.44,SEC,2021
Kentucky,10,3,4.42,4.32,8.73,46.63,6.83,9.61,5.53,6.47,2.95,7.69,4.28,SEC,2021
Tennessee,7,6,9.62,-1.65,7.97,56.08,12.67,10.76,5.43,6.31,2.67,7.99,4.02,SEC,2021
Auburn,6,7,1.62,5.04,6.66,47.31,4.85,8.93,5.18,6.37,2.53,7.54,3.89,SEC,2021
Mississippi State,7,6,2.28,2.73,5.01,45.91,9.32,8.92,5.66,4.35,2.34,7.38,4.05,SEC,2021
LSU,6,7,3.07,1.67,4.74,44.31,9.05,9.29,5.35,4.86,2.56,6.95,3.97,SEC,2021
Florida,6,7,4.82,-0.46,4.37,46.67,10.74,9.83,5,6.79,3.19,8.05,4.11,SEC,2021
South Carolina,7,6,-2.21,4.29,2.08,39.58,7.44,9.14,5.38,5.13,3.11,6.78,4.13,SEC,2021
Missouri,6,7,6.04,-5.66,0.37,46.56,18.47,8.46,6.21,6.38,3.83,7.3,5.02,SEC,2021
Vanderbilt,2,10,-9.19,-3.42,-12.61,30.46,20.09,7.36,6.36,4.62,4.38,5.85,5.4,SEC,2021
Utah,10,4,7.71,7.09,14.8,54.01,3.31,9.63,5.47,6.18,2.71,7.6,4.2,PAC-12,2022
Oregon,10,3,10.86,2.58,13.44,54.67,9.34,10.24,5.12,6.48,2.98,8.06,4.2,PAC-12,2022
Oregon State,10,3,5.31,7.33,12.64,47.6,3,9.73,4.52,5.68,2.71,7.17,3.76,PAC-12,2022
USC,11,3,14.16,-2.03,12.13,58.34,11.86,11.12,6.08,5.85,3.89,8.42,5.1,PAC-12,2022
Washington,11,2,10.76,0.8,11.56,54.85,10.09,10.09,6.11,5.53,2.41,8.01,4.22,PAC-12,2022
UCLA,9,4,10.72,-1.83,8.88,52.78,12.3,9.8,5.45,6.74,2.9,7.99,4.24,PAC-12,2022
Washington State,7,6,-0.7,4.24,3.55,41.79,6.11,8.32,5.46,4.63,3.02,6.54,4.34,PAC-12,2022
California,4,8,-2.57,1.48,-1.08,37.99,9.89,8.54,5.35,4.38,3.05,6.61,4.31,PAC-12,2022
Arizona,5,7,6.21,-7.79,-1.58,46.46,18.82,10.03,5.97,5.9,4.57,8.01,5.18,PAC-12,2022
Stanford,3,9,-3.2,-0.21,-3.41,38.2,12.57,8.57,4.97,4.5,4.78,6.51,4.88,PAC-12,2022
Arizona State,3,9,-1.68,-3.37,-5.06,40.23,13.37,9.04,5.04,4.91,4.19,6.87,4.6,PAC-12,2022
Colorado,1,11,-8.64,-3.45,-12.08,33.9,22.65,7.59,5.83,4.48,4.45,5.8,5.23,PAC-12,2022
Florida State,10,3,8.89,5.88,14.77,54.03,4.2,10.82,4.33,6.87,2.86,8.51,3.48,ACC,2022
Clemson,11,3,6.65,6.93,13.59,49.43,2.92,8.68,4.44,5.71,2.24,7,3.54,ACC,2022
Louisville,8,5,2.3,8.13,10.44,45.89,1.53,9.43,5.04,6.57,2.44,7.66,3.62,ACC,2022
Wake Forest,8,5,10.69,-1.72,8.98,53.26,12.49,10.49,5.69,4.58,2.58,7.3,4.34,ACC,2022
Pitt,9,4,6.07,1.73,7.8,47.3,8.75,8.93,5.02,5.89,2.06,7.12,3.8,ACC,2022
Duke,9,4,5.47,1.93,7.39,46.98,8.58,9.08,5.63,6.07,2.92,7.36,4.4,ACC,2022
North Carolina State,8,5,-1.53,8.28,6.75,40.99,2.15,7.96,4.52,4.67,2.24,6.23,3.58,ACC,2022
Syracuse,7,6,1.78,4.64,6.41,46.04,7.07,10.23,4.77,5.58,2.61,7.56,3.6,ACC,2022
North Carolina,9,5,9.75,-4.23,5.52,50.89,14.98,10.09,6.25,5.64,3.42,7.74,4.94,ACC,2022
Miami (FL),5,7,-3.85,0.95,-2.91,40.07,12.72,8.87,6.92,5,2.98,6.78,4.76,ACC,2022
Georgia Tech,5,7,-5.33,2.05,-3.29,35.25,10.38,7.96,5.04,5.16,3.04,6.33,3.96,ACC,2022
Boston College,3,9,-4.34,-1.33,-5.67,35.81,14.58,8.83,5.68,3.44,3.18,6.22,4.38,ACC,2022
Virginia,3,7,-6.49,0.64,-5.85,34.13,9.72,8.09,4.87,5.07,2.57,6.53,3.63,ACC,2022
Virginia Tech,3,8,-6.39,-0.38,-6.78,33.99,11.35,7.87,5.6,4.4,3,5.94,4.31,ACC,2022
Texas Christian,13,2,13.45,3.2,16.65,58.15,7.41,10.8,5.17,6.6,2.62,8.33,3.96,BIG-12,2022
Kansas State,10,4,6.86,9.3,16.16,51.64,-0.32,9.76,4.5,6.76,2.7,7.88,3.72,BIG-12,2022
Texas,8,5,6.17,9.76,15.92,53.26,-1.52,9.78,3.89,6.75,1.9,8.02,3.05,BIG-12,2022
Texas Tech,8,5,8.45,1.23,9.68,53.03,8.29,9.04,5.74,5.45,2.63,7.13,4.13,BIG-12,2022
Oklahoma,6,7,7.12,1.4,8.52,52.12,9.15,10.1,4.92,6.42,2.86,7.87,3.98,BIG-12,2022
Kansas,6,7,10.15,-3.88,6.27,54.12,14.31,10.82,5.79,6.88,3.22,8.52,4.41,BIG-12,2022
Baylor,6,7,4.72,1.47,6.19,50.25,7.79,9.52,5.03,5.89,2.32,7.3,3.76,BIG-12,2022
Iowa State,4,8,-5.02,10.73,5.71,38.16,-0.73,8.49,4.56,4.74,1.67,6.61,3.06,BIG-12,2022
Oklahoma State,7,6,3.83,1.34,5.16,48.71,9.35,8.84,4.73,4.88,3.09,6.84,4.05,BIG-12,2022
West Virginia,5,7,5.05,-2.16,2.9,49.46,12.87,8.49,6.15,6.18,2.64,7.16,4.41,BIG-12,2022
Michigan,13,1,10.53,10.06,20.59,58.59,0.22,10.44,4.28,6.88,2.21,8.2,3.4,BIG-TEN,2022
Ohio State,11,2,14.17,5.64,19.82,64.76,3.04,11.87,5.51,6.99,2.4,9.17,3.89,BIG-TEN,2022
Penn State,11,2,7.77,9.79,17.56,54.17,-0.57,9.7,3.81,6.08,1.96,7.66,3.07,BIG-TEN,2022
Illinois,8,5,-1.34,11.36,10.01,42.47,-1.61,9.1,3.98,5.33,2.33,6.85,3.27,BIG-TEN,2022
Minnesota,9,4,-0.79,9.27,8.48,45.48,0.78,10.57,4.67,5.89,2.93,7.46,3.95,BIG-TEN,2022
Iowa,8,5,-4.35,12.26,7.91,36.96,-1.81,7.94,3.38,4.29,1.8,5.85,2.71,BIG-TEN,2022
Maryland,8,5,1.99,4.69,6.68,45.56,4.78,9.42,4.45,5.15,2.74,7.15,3.66,BIG-TEN,2022
Wisconsin,7,6,-0.66,5.03,4.37,45.26,4.82,9.42,5.25,5.91,2.03,7.25,3.57,BIG-TEN,2022
Purdue,8,6,3.14,0.48,3.62,46.95,10.88,9.07,5.69,5.08,3.08,7.12,4.46,BIG-TEN,2022
Michigan State,5,7,0.39,0.58,0.98,44.82,8.73,9.09,5.99,5.35,3.06,7.21,4.35,BIG-TEN,2022
Nebraska,4,8,-0.12,-2.02,-2.14,40.88,11.95,9.95,5.05,4.8,3.43,7.01,4.29,BIG-TEN,2022
Indiana,4,8,1.44,-4.5,-3.05,42.66,15.25,7.64,5.99,4.76,2.95,6.17,4.33,BIG-TEN,2022
Rutgers,4,8,-7.53,2.44,-5.09,36.41,12.21,7.66,4.54,4.95,3.08,6.06,3.82,BIG-TEN,2022
Northwestern,1,11,-7.71,0.28,-7.43,34.25,11.55,8.25,5.06,4.68,3.5,6.21,4.18,BIG-TEN,2022
Georgia,15,0,9.99,15.49,25.48,59.26,-6.21,11.04,4.1,6.88,1.34,8.71,3.09,SEC,2022
Alabama,11,2,9.89,9.77,19.66,58.62,-1.02,10.45,3.47,6.76,2.02,8.41,2.87,SEC,2022
Tennessee,11,2,13.04,4.86,17.9,64.77,5.24,12.22,5.26,6.43,1.97,8.86,3.85,SEC,2022
LSU,10,4,6.83,6.45,13.29,53.82,2.31,10.14,4.47,6.35,2.33,8.04,3.41,SEC,2022
Mississippi State,9,4,6.17,5.67,11.84,50.9,4.36,8.67,4.14,4.9,2.42,7.15,3.39,SEC,2022
Ole Miss,8,5,6.81,1.55,8.36,52.01,8.4,10.29,4.66,6.68,2.98,8.05,3.83,SEC,2022
South Carolina,8,5,6.5,1.21,7.71,49.88,10.88,9.89,4.33,5.05,3.54,7.33,4.05,SEC,2022
Florida,6,7,6.6,0.32,6.92,49.2,8.82,10.14,5.35,6.8,2.92,8.13,4.12,SEC,2022
Kentucky,7,6,-3.12,9.17,6.05,38.68,1.14,9.78,4.45,4.73,2.87,6.76,3.67,SEC,2022
Arkansas,7,6,8.99,-3.05,5.95,50.86,11.8,10.99,6.45,6.43,3.02,8.15,4.73,SEC,2022
Missouri,6,7,0.05,4.9,4.95,41.35,5.71,8.94,4.64,5.23,2.19,6.74,3.5,SEC,2022
Auburn,5,7,3.3,0.6,3.9,45.24,9.15,9.08,4.22,6.67,3.14,7.52,3.67,SEC,2022
Texas A&M,5,7,-2.68,5.89,3.21,39.26,2.53,8.67,3.63,5.84,3.3,7.2,3.49,SEC,2022
Vanderbilt,5,7,-1.7,0.56,-1.14,41.85,16.27,8.45,6.39,5.66,3.72,6.75,5.24,SEC,2022
Oregon,11,2,8.39,10.71,19.1,59.26,-0.8,11.29,4.31,7.16,2.34,9.31,3.3,PAC-12,2023
Washington,13,0,13.17,5.19,18.35,55.41,3.6,11.05,4.28,6.06,2.71,8.85,3.58,PAC-12,2023
Arizona,9,3,7.66,4.9,12.56,50.22,5,10.5,5.23,6.13,2.38,8.41,3.71,PAC-12,2023
Oregon State,8,4,6.18,4.73,10.91,50.72,3.89,10.39,5.08,6.47,2.14,8.19,3.6,PAC-12,2023
USC,7,5,15.91,-7.62,8.29,60.45,16.63,11.44,5.89,6.44,3.33,9.1,4.42,PAC-12,2023
Utah,8,4,-2.22,10.05,7.83,41.01,-0.09,8.4,4.77,5.81,1.83,6.79,3.37,PAC-12,2023
UCLA,7,5,-3.56,9.03,5.47,40.15,1.59,8.84,4.6,5.89,1.2,7.17,3,PAC-12,2023
Washington State,5,7,4.89,-0.6,4.29,48.45,10.9,9.86,5.34,4.46,2.99,7.59,3.98,PAC-12,2023
California,6,6,7.05,-3.82,3.24,48.52,14.29,8.35,5.61,6.02,2.35,7.08,3.95,PAC-12,2023
Colorado,4,8,6.24,-5.38,0.86,47.19,16.39,9.53,5.87,3.99,3.27,7.06,4.39,PAC-12,2023
Arizona State,3,9,-6.24,1.99,-4.25,34.68,11.65,7.6,5.46,5.08,2.91,6.37,4.08,PAC-12,2023
Stanford,3,9,-3.16,-1.74,-4.9,37.4,16.39,8.58,6.01,4.94,3.31,6.74,4.48,PAC-12,2023
Florida State,13,0,7.79,10.61,18.39,53.32,-0.92,9.9,3.81,6,2.26,7.81,3.07,ACC,2023
Louisville,10,3,3.91,7.67,11.58,48.01,2.25,10.23,5.16,6.03,1.78,7.83,3.51,ACC,2023
Clemson,8,4,3.07,7.08,10.15,47.13,2.24,8.21,3.28,5.93,2.29,6.91,2.86,ACC,2023
Miami (FL),7,5,4.79,4.55,9.34,48.66,5.42,9.67,5.41,6.52,1.88,8.02,3.77,ACC,2023
Duke,7,5,3.28,5.47,8.75,45.54,3.55,8.64,4.77,6.5,2.79,7.39,3.79,ACC,2023
North Carolina,8,4,9.45,-1.5,7.96,53.01,11.44,10.42,5.51,6.49,2.86,8.3,4.15,ACC,2023
North Carolina State,9,3,2.12,5.7,7.82,43.69,3.87,8.77,4.98,5.47,2.24,6.84,3.83,ACC,2023
Virginia Tech,6,6,2.86,2,4.86,46.06,9.36,9.4,4.86,6.25,3.02,7.54,3.94,ACC,2023
Georgia Tech,6,6,6.66,-3.59,3.08,48.36,13.27,9.53,5.54,6.84,4.05,7.97,4.73,ACC,2023
Syracuse,6,6,-5.07,4.54,-0.54,40.15,8.34,8.75,5.4,5.66,2.5,6.82,4.01,ACC,2023
Pitt,3,9,-4.71,1.73,-2.99,37.58,9.45,9.06,6.05,4.68,1.97,6.79,3.69,ACC,2023
Wake Forest,4,8,-2.41,-0.69,-3.1,38.03,10.73,9.62,6.27,4.76,2.78,6.71,4.42,ACC,2023
Virginia,3,9,0.12,-3.82,-3.7,40.78,15.22,9.4,5.16,4.65,3.39,6.73,4.26,ACC,2023
Boston College,6,6,2.05,-5.77,-3.71,41.1,15.72,8.38,6.71,5.89,4.04,6.85,5.24,ACC,2023
Texas,12,1,9.52,11.85,21.37,54.45,-2.3,10.58,4.69,6.16,1.59,8.13,3.48,BIG-12,2023
Oklahoma,10,2,12.31,5.5,17.81,60.34,3.48,11.1,4.53,5.57,2.52,8,3.69,BIG-12,2023
Kansas State,8,4,9.1,6.65,15.74,55.68,3.41,9.2,4.63,6.18,3.17,7.44,4.05,BIG-12,2023
Kansas,8,4,8.02,0.96,8.98,50.34,8.42,11.24,5.58,6.55,3.2,8.27,4.29,BIG-12,2023
Iowa State,7,5,2.74,5.82,8.56,44.35,4.3,9.82,4.7,5.51,2.53,7.47,3.69,BIG-12,2023
Texas Christian,5,7,5.87,0.97,6.84,48.51,8.48,9.33,5.72,5.83,2.95,7.6,4.23,BIG-12,2023
Oklahoma State,9,4,5.69,0.35,6.04,46.82,10.88,8.36,6.52,6.05,3.21,7.18,4.83,BIG-12,2023
West Virginia,8,4,5.99,-0.1,5.89,47.96,10.41,9.51,5.84,6.44,3.18,7.57,4.53,BIG-12,2023
Texas Tech,6,6,2.68,3.1,5.78,44.26,8.04,8,4.52,5.69,3.01,6.72,3.82,BIG-12,2023
UCF,6,6,2.73,0.74,3.46,46.84,8.44,10.65,5.26,6.59,3.56,8.17,4.41,BIG-12,2023
BYU,5,7,-1.18,0.55,-0.63,40.06,11.78,7.98,5.22,4.61,3.56,6.23,4.46,BIG-12,2023
Houston,4,8,-0.33,-1.97,-2.31,40.68,13.05,8.78,6.33,5.05,2.93,6.88,4.49,BIG-12,2023
Baylor,3,9,-0.05,-4.63,-4.68,40.13,15.37,8.89,6.86,4.56,3.51,6.66,5.03,BIG-12,2023
Cincinnati,3,9,-3.1,-2.49,-5.59,40.11,13.58,8.46,6.27,6.2,4.17,7.09,5.22,BIG-12,2023
Michigan,13,0,8.33,16.15,24.48,56.35,-5.58,10.99,4.61,5.9,1.82,7.85,3.21,BIG-TEN,2023
Ohio State,11,1,5.79,15.8,21.59,50.83,-6.28,10.95,3.42,5.66,2.15,8.18,2.79,BIG-TEN,2023
Penn State,10,2,5.05,14.85,19.9,54.71,-3.98,8.45,4.49,5.95,1.19,7,2.66,BIG-TEN,2023
Maryland,7,5,6.74,2.25,8.99,48.15,8.51,9.55,5.14,5.23,2.58,7.59,3.84,BIG-TEN,2023
Iowa,10,3,-5.85,14.08,8.23,34.39,-3.34,6.88,3.48,4.82,1.74,5.63,2.74,BIG-TEN,2023
Wisconsin,7,5,-0.54,6.67,6.13,40.45,4.52,7.81,4.97,6.05,2.86,6.84,3.84,BIG-TEN,2023
Rutgers,6,6,-0.09,4.48,4.39,42.1,5.45,8.09,4.71,5.77,3.07,6.66,3.82,BIG-TEN,2023
Nebraska,5,7,-5.89,8.11,2.22,34.89,3.04,8.18,4.69,5.73,2.03,6.62,3.44,BIG-TEN,2023
Northwestern,7,5,1.08,0.86,1.94,41.18,10.13,8.97,5.61,4.36,2.99,6.39,4.2,BIG-TEN,2023
Minnesota,5,7,-0.73,0.91,0.18,39.59,11.59,8.27,5.91,5.53,3.55,6.57,4.75,BIG-TEN,2023
Illinois,5,7,4.11,-4.1,0,43.53,13.76,9.63,5.51,5.42,2.64,7.5,4.09,BIG-TEN,2023
Purdue,4,8,3.64,-3.73,-0.09,44.67,14.9,8.75,6.26,6,2.78,7.18,4.48,BIG-TEN,2023
Michigan State,4,8,-4.34,3.19,-1.15,36.42,11.86,8.48,6.23,4.48,2.95,6.42,4.49,BIG-TEN,2023
Indiana,3,9,0.48,-2.61,-2.13,41.25,13.52,8.95,6.26,4.96,3.07,6.75,4.5,BIG-TEN,2023
Georgia,12,1,8.17,9.87,18.04,54.61,-0.18,11.14,3.65,6.31,2.46,8.57,3.18,SEC,2023
Alabama,12,1,8.09,9.84,17.92,52.66,-1.01,11.87,4.04,5.83,2.16,7.98,3.12,SEC,2023
LSU,9,3,15.95,-1.18,14.77,65.36,10.77,12.99,5.57,7.73,3.33,10.16,4.64,SEC,2023
Missouri,10,2,8.29,6.47,14.76,49.64,2.64,10.98,4.71,5.72,2.5,7.97,3.59,SEC,2023
Ole Miss,10,2,6.73,5.4,12.13,51.73,5.01,11.4,4.94,5.68,2.47,8.02,3.68,SEC,2023
Texas A&M,7,5,5.11,4.75,9.86,50.61,4.06,9.8,4.96,5.32,1.73,7.37,3.28,SEC,2023
Tennessee,8,4,3.04,5.68,8.72,48.27,5.11,9.67,5.09,6.99,2.13,8.17,3.61,SEC,2023
Auburn,6,6,-1.22,6.45,5.22,42.92,3.14,8.74,4.86,6.2,3.03,7.11,3.91,SEC,2023
Kentucky,7,5,3.8,1.37,5.17,45.95,9.64,9.03,5.44,6.43,2.2,7.68,3.85,SEC,2023
Florida,5,7,3.96,-0.9,3.06,46.33,9.27,10.05,6.16,5.69,3.44,7.67,4.72,SEC,2023
South Carolina,5,7,1.22,0.9,2.13,43.83,8.05,10.23,5.44,4.3,2.39,7.32,3.85,SEC,2023
Arkansas,4,8,0.8,-0.57,0.23,42.79,11.24,8.75,5.35,4.71,3.16,6.34,4.17,SEC,2023
Mississippi State,5,7,-4.06,3.32,-0.74,37.91,7.72,7.94,4.85,5.76,2.55,6.7,3.61,SEC,2023
Vanderbilt,2,10,-1.98,-7.64,-9.62,40.03,18.89,8.6,5.64,4.64,3.89,6.65,4.86,SEC,2023