School,G,Pts,PassCmp,PassAtt,CompPct,PassYds,PassTD,RushAtt,RushYds,RushAvg,RushTD,TotPlays,TotYds,TotAvg,Pass1D,Rush1D,Pen1D,Tot1D,Penalties,PenYds,OffFum,OffInt,TotTO,Conference,Year
Oregon,15,45.4,21.7,31.6,68.8,312.5,2.9,42.9,234.5,5.5,2.8,74.5,547,7.3,13.2,12.2,1.7,27.1,8.2,72,0.5,0.3,0.7,PAC-12,2014
California,12,38.3,27.3,44.5,61.4,345.3,3.1,36.6,149,4.1,1.8,81.1,494.3,6.1,15.6,8.3,2.7,26.5,8.9,82.6,0.8,0.8,1.7,PAC-12,2014
Arizona State,13,36.9,21.6,35.9,60.2,273.5,2.6,39.1,168.8,4.3,1.5,75,442.3,5.9,12.8,8.5,1.9,23.2,4.5,32.4,0.3,0.7,1,PAC-12,2014
USC,13,35.8,24.5,35.4,69.1,296.6,3,40.2,161,4,1.4,75.6,457.6,6.1,12.7,9.4,1.6,23.7,8.8,78.7,0.5,0.4,0.9,PAC-12,2014
Arizona,14,34.5,22.9,40.3,56.7,281.8,2.1,41.1,181.9,4.4,1.9,81.4,463.7,5.7,12.6,9.1,3,24.7,6.6,62.9,0.6,0.7,1.3,PAC-12,2014
UCLA,13,33.5,22.9,33.5,68.5,258.3,1.8,42.8,209.5,4.9,2,76.3,467.8,6.1,10.9,11.1,1.4,23.4,8,75.3,0.8,0.5,1.2,PAC-12,2014
Washington State,12,31.8,42.5,64.3,66.1,477.7,3.8,20.3,39.8,2,0.4,84.5,517.5,6.1,20.9,3.8,2.5,27.2,7.8,67.7,0.6,1.5,2.1,PAC-12,2014
Utah,13,31.3,17.6,29.1,60.6,197.7,1.5,43.5,190.4,4.4,1.6,72.5,388.1,5.3,8.6,9.7,1.2,19.5,5.9,54,0.6,0.6,1.2,PAC-12,2014
Washington,14,30.2,18.2,28.6,63.8,200.1,1.4,43.4,188.6,4.3,1.6,71.9,388.6,5.4,8.6,9.9,1.4,20,7,61.8,0.8,0.4,1.2,PAC-12,2014
Colorado,12,28.5,29,45.4,63.9,284.1,2.4,37.6,155,4.1,1.1,83,439.1,5.3,13.3,8.4,3,24.7,7.2,67.8,0.5,1.3,1.8,PAC-12,2014
Stanford,13,27.2,19.1,29.3,65.1,229.8,1.5,36.7,158.8,4.3,1.7,66,388.6,5.9,11.5,7.3,1.7,20.5,5.8,48.5,1,0.6,1.6,PAC-12,2014
Oregon State,12,25.7,24.2,39.3,61.4,275.4,1.3,31.3,118.2,3.8,1.6,70.7,393.6,5.6,11.5,6.5,2.8,20.8,8.9,79.8,0.5,0.7,1.2,PAC-12,2014
Georgia Tech,14,37.9,7.6,14.5,52.2,134.4,1.4,56.4,342.1,6.1,3.4,70.9,476.5,6.7,5.6,18.5,0.9,25,4.9,41.1,0.9,0.4,1.3,ACC,2014
Florida State,14,33.7,23.6,36.9,64,303.3,1.9,32.2,138.1,4.3,1.9,69.1,441.4,6.4,13.4,7.9,1.7,23,6.2,47.7,0.9,1.4,2.3,ACC,2014
North Carolina,13,33.2,24.2,39.2,61.9,278,2.2,38.2,151.8,4,2,77.3,429.8,5.6,12.1,9.8,2,23.8,7.6,63.2,0.8,1,1.8,ACC,2014
Duke,13,32.4,20.6,36.2,56.9,216.5,1.8,37.8,181.8,4.8,1.8,74.1,398.3,5.4,10,10.2,1.8,22,4.9,38.7,0.5,0.6,1.2,ACC,2014
Pitt,13,31.8,14.5,23.7,61,185.9,1.3,46.8,249.4,5.3,2.7,70.5,435.3,6.2,8.2,14,1.5,23.7,6.4,53.4,0.9,0.5,1.5,ACC,2014
Louisville,13,31.2,18.2,32.9,55.4,252,1.6,39.3,142.7,3.6,2.2,72.2,394.7,5.5,10.2,8.9,1.2,20.4,6.9,49.3,1.2,0.8,2,ACC,2014
Clemson,13,30.8,22.5,34.7,64.7,261.8,1.8,41.5,146.5,3.5,1.5,76.2,408.3,5.4,11.2,8.1,1.3,20.5,4,35.1,0.5,0.9,1.4,ACC,2014
North Carolina State,13,30.2,17.2,29.3,58.8,204,1.8,39.1,204.5,5.2,2,68.4,408.5,6,9.4,10.8,1.5,21.7,4.8,42.9,0.7,0.5,1.2,ACC,2014
Miami (FL),13,29.2,17.5,30.1,58.1,249.9,2,34.3,180.4,5.3,1.5,64.4,430.3,6.7,9.8,8.8,1.3,19.8,7.2,63.6,0.9,0.9,1.8,ACC,2014
Boston College,13,26.2,10.4,18.7,55.6,129.3,1,48.8,254.7,5.2,2.4,67.5,384,5.7,5.6,12.1,1.4,19.1,4.5,38.3,0.2,0.8,1,ACC,2014
Virginia,12,25.8,20.7,36,57.4,236.4,1.5,37.6,137.8,3.7,1.1,73.6,374.2,5.1,11.4,7.3,1.8,20.5,6.5,57.8,0.7,1.3,2,ACC,2014
Virginia Tech,13,24.1,20.8,35.1,59.4,217.4,1.5,39,147.9,3.8,0.9,74.1,365.3,4.9,10,8.1,2,20.1,7.5,59.2,0.8,1.2,2,ACC,2014
Syracuse,12,17.1,17.3,31.9,54,184.1,0.5,35.3,145.2,4.1,1,67.3,329.3,4.9,7.8,7.7,1.4,16.8,7.2,59.1,0.3,1.4,1.8,ACC,2014
Wake Forest,12,14.8,18.8,32.1,58.4,176.3,1,31.9,39.9,1.3,0.3,64,216.3,3.4,8.5,4.3,1.6,14.3,5,47.8,0.6,1.2,1.8,ACC,2014
Baylor,13,48.2,24.8,39.9,62.2,365.9,2.9,47.6,215.5,4.5,3.3,87.5,581.5,6.6,14.8,13.2,2.1,30.1,9.8,88.4,0.4,0.6,1,BIG-12,2014
TCU,13,46.5,25,40.7,61.4,326.2,2.8,39.2,206.8,5.3,2.5,79.8,533,6.7,13.3,10.7,1.5,25.5,6.3,59,0.8,0.8,1.7,BIG-12,2014
Oklahoma,13,36.4,16.2,29.7,54.4,203.5,1.3,42.8,261.2,6.1,3.1,72.5,464.7,6.4,9.1,12.4,1.1,22.5,5.4,49.8,0.5,1.3,1.8,BIG-12,2014
Kansas State,13,35.8,20.8,31.9,65.3,287.4,1.8,36.6,134.2,3.7,2.3,68.5,421.6,6.2,12.5,8,2.2,22.6,4.4,39.3,0.4,0.6,1,BIG-12,2014
West Virginia,13,33.5,26.2,41.1,63.7,317,2,43.3,182.8,4.2,1.4,84.4,499.8,5.9,13.5,9.6,2.8,25.9,6.5,58.2,1.5,0.8,2.2,BIG-12,2014
Texas Tech,12,30.5,27.7,46.6,59.4,351.1,3.3,29.6,153,5.2,0.7,76.2,504.1,6.6,14.8,7.9,1.9,24.7,9.3,89.2,0.8,1.5,2.3,BIG-12,2014
Oklahoma State,13,27.6,17.1,30.8,55.4,242.2,1.5,38.9,136.6,3.5,1.4,69.8,378.8,5.4,9.8,7.1,2,18.9,6.1,53.8,0.4,1.3,1.7,BIG-12,2014
Iowa State,12,23.2,23.5,42.5,55.3,248.4,1.8,33.5,124.1,3.7,1,76,372.5,4.9,11.8,7.7,1.9,21.3,4.3,40.8,0.4,0.9,1.3,BIG-12,2014
Texas,13,21.4,18.7,32.2,58.1,199.9,1.1,36.5,137.4,3.8,1.4,68.6,337.3,4.9,8.8,7.7,1.3,17.8,5.9,51.1,1.1,0.8,1.9,BIG-12,2014
Kansas,12,17.8,17,31.3,54.3,202.9,1.2,38.8,121.2,3.1,0.9,70.2,324.1,4.6,8.7,6.8,1,16.4,6.3,55.8,0.4,1.1,1.5,BIG-12,2014
Ohio State,15,44.8,17.3,27.3,63.6,247.1,2.8,46,264.5,5.7,2.7,73.3,511.6,7,10,14.5,1.3,25.7,5.6,47.4,0.9,0.8,1.7,BIG-TEN,2014
Michigan State,13,43,18.2,30.8,59,265.6,2,45.7,235.2,5.1,3.4,76.5,500.8,6.5,11.8,11.8,1.1,24.7,6.2,58,0.5,0.7,1.2,BIG-TEN,2014
Nebraska,13,37.8,14.6,27.6,52.9,212.1,1.8,45.2,240.2,5.3,2.7,72.8,452.3,6.2,8.8,11.5,2,22.3,5.8,50.4,1,0.9,1.9,BIG-TEN,2014
Wisconsin,14,34.6,12.6,23,55,148.7,1.1,46.3,320.1,6.9,3.3,69.3,468.9,6.8,7.4,13.5,1.1,22,4.6,43.4,0.7,1.1,1.9,BIG-TEN,2014
Maryland,13,28.5,17.5,32.2,54.5,220.2,1.5,32.9,121.8,3.7,1.6,65.1,342.1,5.3,9.2,6.8,1.5,17.5,5.9,52.1,0.6,1.1,1.7,BIG-TEN,2014
Minnesota,13,28.4,9.8,19.5,50,141.8,0.9,46.1,215.5,4.7,2.5,65.6,357.3,5.4,5.8,11.4,1.1,18.3,5.3,46.5,0.8,0.7,1.5,BIG-TEN,2014
Iowa,13,28.2,20.4,33.6,60.6,237,1.6,39.5,163.1,4.1,1.7,73.2,400.1,5.5,10,9.5,2.1,21.5,3.5,29.5,1.2,0.5,1.7,BIG-TEN,2014
Rutgers,13,26.7,15.3,27.5,55.7,227.4,1.7,37.6,162.6,4.3,1.6,65.1,390,6,8.8,9,0.8,18.5,4.7,41.9,0.5,1,1.5,BIG-TEN,2014
Illinois,13,25.9,22.1,36.2,61.1,249.8,1.9,31.8,117.5,3.7,1.2,67.9,367.2,5.4,10.4,6.5,2.2,19.1,6.1,51.5,0.8,0.9,1.7,BIG-TEN,2014
Indiana,12,25.1,14,26.1,53.7,141.4,0.6,44.9,263.6,5.9,2.4,71,405,5.7,6.1,11.2,1.6,18.8,6.5,60.7,0.8,0.8,1.6,BIG-TEN,2014
Purdue,12,23.8,19.4,36.2,53.7,187.4,1.3,33.5,157.2,4.7,1.4,69.7,344.6,4.9,8.3,7.9,1,17.3,4.9,41.9,0.7,1.3,2,BIG-TEN,2014
Northwestern,12,23,21.8,37.8,57.5,216.5,0.8,40.5,136.6,3.4,1.7,78.3,353.1,4.5,11.3,7.6,1.5,20.3,5.2,52.3,0.8,1.2,1.9,BIG-TEN,2014
Michigan,12,20.9,15.8,27.2,58,170.2,0.8,35.4,162.8,4.6,1.4,62.6,333,5.3,8.7,8.4,1.4,18.5,3.5,31.8,0.7,1.5,2.2,BIG-TEN,2014
Penn State,13,20.6,21.2,38.2,55.5,233.4,1,34.7,101.9,2.9,1,72.9,335.3,4.6,10.5,6.5,2.2,19.2,5.8,46.2,0.8,1.2,2,BIG-TEN,2014
Georgia,13,41.3,16.7,24.8,67.4,199.9,1.8,42.6,258.8,6.1,2.9,67.4,458.8,6.8,9.7,11.8,1.4,22.9,5,41.5,0.5,0.5,1,SEC,2014
Alabama,14,36.9,20.7,32.2,64.3,277.9,2.3,40.5,206.6,5.1,2.5,72.7,484.5,6.7,12.1,11,1.1,24.3,4.9,40.1,0.9,0.7,1.6,SEC,2014
Mississippi State,13,36.9,20.1,32.5,61.7,280.7,2.4,44.5,233.1,5.2,2.2,77,513.8,6.7,12.2,12.3,1.2,25.7,5.2,39.5,0.8,0.9,1.8,SEC,2014
Auburn,13,35.5,16,25.5,62.7,229.5,1.8,46.7,255.5,5.5,2.5,72.2,485,6.7,10.2,13.2,0.8,24.2,7.1,68.9,1,0.5,1.5,SEC,2014
Texas A&M,13,35.2,25.5,39.5,64.6,305.5,3,32.4,149.9,4.6,1.5,71.9,455.4,6.3,13.8,8.2,1.2,23.1,5.2,50.6,0.4,1.2,1.5,SEC,2014
South Carolina,13,32.6,21.3,36,59.2,282.4,2.2,36.8,161,4.4,1.8,72.8,443.4,6.1,11.5,10.1,1.8,23.5,5.4,46.6,0.8,0.8,1.6,SEC,2014
Arkansas,13,31.9,15.3,27.6,55.4,188,1.6,42.8,218,5.1,2.4,70.5,406,5.8,9.2,11.2,1.7,22.2,5.2,44.7,0.8,0.5,1.3,SEC,2014
Florida,12,30.3,14.1,27,52.2,179.9,1.5,43.1,187.7,4.4,1.8,70.1,367.6,5.2,7.2,9.3,1.1,17.5,6.7,59.2,0.8,1.2,2,SEC,2014
Kentucky,12,29.2,19,33.8,56.3,231.2,1.2,37,153.2,4.1,1.8,70.8,384.3,5.4,9,8.8,1.5,19.3,5.5,50.3,0.3,0.9,1.3,SEC,2014
Tennessee,13,28.9,21.6,34.8,62,224.2,1.8,40.3,146.4,3.6,1.5,75.2,370.5,4.9,10.7,9.1,1.5,21.3,4.2,34.2,0.6,1.1,1.7,SEC,2014
Ole Miss,13,28.3,19.8,32.9,60.3,263.6,1.8,36.6,155.5,4.2,1.6,69.5,419.1,6,11.5,7.5,1.5,20.4,5.3,42.2,0.8,1.2,1.9,SEC,2014
Missouri,14,27.8,15.8,29.6,53.3,189.1,1.8,38.5,177.9,4.6,1.2,68.1,367,5.4,8.7,9.2,1.4,19.2,7.3,58.2,0.2,0.9,1.1,SEC,2014
LSU,13,27.6,10.6,21.2,50.2,162.9,1.3,47.8,224.5,4.7,1.9,69,387.5,5.6,6.5,12.2,1.5,20.2,5.5,45.8,0.6,0.7,1.3,SEC,2014
Vanderbilt,12,17.2,15,29.8,50.4,179.1,1.1,31.9,109.3,3.4,0.6,61.7,288.3,4.7,7.8,6.5,1.8,16.1,6.1,52.5,0.8,1.6,2.4,SEC,2014
Oregon,13,43,18.2,28.8,62.9,258.3,2.5,47.5,280.1,5.9,2.6,76.4,538.4,7,10.5,13.3,1.8,25.7,6.9,61,0.5,0.8,1.3,PAC-12,2015
California,13,37.9,27.1,42.3,64,375.9,3.4,33.8,152.8,4.5,1.2,76.1,528.8,7,15.5,8.8,2,26.2,5.2,43.7,0.7,1.1,1.8,PAC-12,2015
Stanford,14,37.8,15.2,22.7,67,211.8,2.1,43.6,223.6,5.1,2.4,66.3,435.4,6.6,9.2,11.1,1.9,22.2,5.6,46.3,0.4,0.6,0.9,PAC-12,2015
Arizona,13,37.4,21,35.8,58.7,272,2.1,40.4,222.8,5.5,2.4,76.2,494.8,6.5,11.3,10.6,2.5,24.5,5.7,48.7,0.8,0.8,1.5,PAC-12,2015
Arizona State,13,34.6,24.5,41,59.8,298.5,2.3,41.3,178.8,4.3,1.5,82.3,477.4,5.8,13.1,8.9,1.5,23.5,4.6,39.8,0.8,0.7,1.5,PAC-12,2015
USC,14,33.9,22.1,33.1,66.7,269.7,2.1,37.6,168.2,4.5,1.9,70.7,437.9,6.2,11.3,9.3,1.4,22,7.4,68.6,0.4,0.5,0.9,PAC-12,2015
UCLA,13,32.2,23.1,39.2,58.8,288.9,1.8,35.4,176.8,5,2,74.6,465.8,6.2,12.6,9.2,1.3,23.1,8.3,70.3,0.5,1,1.5,PAC-12,2015
Washington State,13,31.5,38.5,56.8,67.8,389.2,3.2,22.6,80.5,3.6,0.6,79.4,469.6,5.9,18.1,5.8,1.5,25.4,5.3,40,1,0.9,1.9,PAC-12,2015
Utah,13,30.6,17.2,27.1,63.6,179.8,1.2,43.9,183.2,4.2,1.8,71,363,5.1,7.8,10.5,1.9,20.2,5.5,53.3,0.8,0.8,1.6,PAC-12,2015
Washington,13,30.6,18.8,30.5,61.9,239.2,1.3,36.7,163.8,4.5,2.1,67.2,403.1,6,10.8,8.3,1,20.1,5.5,50.1,0.8,0.8,1.7,PAC-12,2015
Colorado,13,24.6,21.9,35.8,61.3,239.3,1,41.8,157.5,3.8,1.8,77.5,396.8,5.1,11.1,9.7,1.6,22.4,6.2,55.7,0.7,0.9,1.6,PAC-12,2015
Oregon State,12,19,13.4,28.6,46.9,159.1,0.8,37.2,177.3,4.8,1.3,65.8,336.4,5.1,7.4,8.3,1.8,17.6,6.3,58.7,0.4,0.9,1.3,PAC-12,2015
North Carolina,14,40.7,18.6,29.1,63.7,262.2,2.2,37.6,224.7,6,2.9,66.8,486.9,7.3,11.3,10.4,2.2,23.9,5.7,46.4,0.6,0.7,1.4,ACC,2015
Clemson,15,38.5,23.7,35.2,67.4,291.9,2.3,45.3,222.7,4.9,2.3,80.5,514.5,6.4,13.2,11,2,26.2,5.6,46.3,0.8,1,1.8,ACC,2015
North Carolina State,13,33.2,18.9,31.8,59.6,210.8,1.5,41.5,202.5,4.9,2.8,73.3,413.3,5.6,10.1,10.2,1.2,21.5,5.5,52.8,0.5,0.5,1,ACC,2015
Florida State,13,31.7,20.3,32.2,63,255.8,1.7,32.7,168.2,5.1,2.1,64.9,424,6.5,10.8,8.2,1.5,20.6,6.8,54,0.5,0.7,1.2,ACC,2015
Duke,13,31.5,22.6,39.2,57.8,246.4,1.4,40.3,193,4.8,1.9,79.5,439.4,5.5,12,9.2,2.6,23.8,5.5,47.8,0.8,0.8,1.6,ACC,2015
Virginia Tech,13,31,17.2,30.3,56.6,225.8,1.8,41.9,159.3,3.8,1.5,72.2,385.2,5.3,9.5,9.1,1.5,20.1,7.4,62.8,0.5,1.1,1.6,ACC,2015
Georgia Tech,12,29.3,6.8,16,42.2,121.3,1.2,48.6,256.7,5.3,2.5,64.6,378,5.9,5.3,12.8,1.4,19.4,3.2,27.4,1.2,0.8,2,ACC,2015
Louisville,13,28.7,17.5,31.5,55.5,245.1,1.6,37.8,171,4.5,1.8,69.2,416.1,6,10.5,8.8,1.6,20.9,7.5,62.6,0.9,1.2,2.1,ACC,2015
Pitt,13,28.2,16.3,26.4,61.8,190.6,1.6,39.2,186.8,4.8,1.5,65.5,377.5,5.8,8.9,9.5,1.1,19.5,5,40.8,0.5,0.7,1.2,ACC,2015
Miami (FL),13,27.8,20.6,34.5,59.7,277.1,1.4,32.6,119.9,3.7,1.5,67.2,397,5.9,11.7,6.1,1.4,19.2,9.3,84.2,0.3,0.7,1,ACC,2015
Syracuse,12,27.3,13.8,25.6,53.7,156.9,1.6,37,163.2,4.4,1.3,62.6,320.1,5.1,6.6,8.3,2.3,17.1,5.3,48.1,0.8,0.8,1.5,ACC,2015
Virginia,12,25.8,21,34.4,61,238.3,1.8,35.3,144.8,4.1,1.1,69.8,383,5.5,11.6,6.9,1.8,20.3,7.6,63.8,0.5,1.5,2,ACC,2015
Wake Forest,12,17.4,19.7,34.8,56.6,228.3,1.1,34.8,105.7,3,1,69.5,333.9,4.8,10.3,6.2,2.5,18.9,5.1,46.9,0.5,1.5,2,ACC,2015
Boston College,12,17.2,9.2,20.7,44.4,110.9,0.7,41.9,164.7,3.9,1.4,62.6,275.6,4.4,4.9,8,1.6,14.5,6.5,57.4,0.9,0.8,1.7,ACC,2015
Baylor,13,48.1,17.6,29.9,58.9,289.5,3.4,54.8,327.2,6,3.2,84.7,616.7,7.3,11.1,16.9,1.5,29.5,9.1,80.2,1,1,2,BIG-12,2015
Texas Tech,13,45.1,29.9,47.7,62.7,388.2,3,35.7,191.3,5.4,2.6,83.4,579.5,6.9,15.6,10.8,1.8,28.3,7.1,64.3,0.6,1.2,1.8,BIG-12,2015
Oklahoma,13,43.5,22.5,33.8,66.5,308.2,2.9,44.2,222.1,5,2.5,77.9,530.2,6.8,13.8,11,2.3,27.2,6.2,61.5,0.7,0.7,1.4,BIG-12,2015
TCU,13,42.1,25,39.7,63,347.4,3,43.2,215.5,5,2,82.9,562.8,6.8,14.6,11.2,1.8,27.5,7.2,70.9,0.3,1.2,1.5,BIG-12,2015
Oklahoma State,13,39.5,25,39.8,62.9,353.2,2.7,35.4,126.5,3.6,1.8,75.2,479.6,6.4,15.2,6.8,1.6,23.5,5.7,50.2,0.4,0.8,1.2,BIG-12,2015
West Virginia,13,34,17.8,33,54.1,251.5,2,47.9,228.2,4.8,1.9,80.9,479.7,5.9,10.7,11.8,2.5,25,6.7,70,0.5,1.2,1.7,BIG-12,2015
Kansas State,13,29.9,12.5,26.5,47,176,1.1,40.8,157,3.9,2.2,67.3,333,4.9,7.6,8.9,1.9,18.5,5.1,38.5,0.5,1,1.5,BIG-12,2015
Texas,12,26.4,11.6,21,55.2,145.9,0.8,44.1,224.8,5.1,2.3,65.1,370.8,5.7,5.8,10.3,0.8,16.8,6.4,59.1,0.7,0.5,1.2,BIG-12,2015
Iowa State,12,25,19.8,34.3,57.7,226.3,1.5,41.5,182,4.4,1.5,75.8,408.3,5.4,9.8,10,1.6,21.4,4.9,40.8,1,1,2,BIG-12,2015
Kansas,12,15.3,20.3,37.7,53.8,218.6,0.9,37,112.9,3.1,0.8,74.7,331.5,4.4,9.3,5.5,0.9,17.7,5.8,55.3,0.8,1.2,2,BIG-12,2015
Indiana,13,36.5,20.7,35.5,58.4,293.8,2.1,45.5,210.5,4.6,2.1,81,504.3,6.2,12.9,10.8,2.2,25.9,7,59.8,0.5,0.6,1.1,BIG-TEN,2015
Ohio State,13,35.7,15.6,24.9,62.7,188.8,1.5,43.7,245.3,5.6,3,68.6,434.1,6.3,8.8,11.6,1.2,21.5,5.8,54.7,0.7,0.7,1.4,BIG-TEN,2015
Nebraska,13,32.8,19.7,35.2,55.9,266.9,2.1,38.2,180,4.7,1.8,73.4,446.9,6.1,12.3,8.8,1.7,22.8,7.2,63.8,0.5,1.6,2.1,BIG-TEN,2015
Michigan,13,31.4,19.8,31.9,62.2,237.7,1.6,37.8,158.2,4.2,2.1,69.7,395.9,5.7,11.5,7.4,1.5,20.4,6.7,59.8,0.5,0.8,1.2,BIG-TEN,2015
Iowa,14,30.9,16.2,26.4,61.5,204.4,1.2,40.6,181.7,4.5,2.5,66.9,386.1,5.8,8.8,9.6,1.9,20.3,5.2,48.8,0.8,0.4,1.1,BIG-TEN,2015
Michigan State,14,29.8,17.4,31.4,55.5,234.2,1.9,39.4,151.4,3.8,1.7,70.8,385.6,5.4,11.6,8.3,1.5,21.4,5.4,42.9,0.4,0.6,1,BIG-TEN,2015
Rutgers,12,27.1,16.8,28,60.1,207.1,1.6,39.2,169.9,4.3,1.4,67.2,377,5.6,9.3,9.3,1.1,19.7,6.6,52,0.5,1,1.5,BIG-TEN,2015
Wisconsin,13,26.8,19.4,32.2,60.1,228.3,1.1,39.4,150.3,3.8,2.1,71.6,378.6,5.3,12.1,7.3,1.8,21.2,5.8,53,0.4,1,1.4,BIG-TEN,2015
Purdue,12,25.1,24.2,42,57.5,237.3,1.5,34.8,131.3,3.8,1.8,76.8,368.6,4.8,10.6,7.1,2.1,19.8,5.4,53.9,0.8,1.3,2.2,BIG-TEN,2015
Maryland,12,24.7,15.3,32.3,47.2,174.3,1.3,36.8,200.7,5.5,1.7,69.1,375,5.4,8,8.8,1.3,18.1,7,61.8,0.6,2.4,3,BIG-TEN,2015
Penn State,13,23.2,16.5,31.1,53.2,214.5,1.5,32.6,133.9,4.1,1.2,63.7,348.4,5.5,8.1,6.4,2,16.5,5.2,41.6,0.9,0.5,1.4,BIG-TEN,2015
Illinois,12,22.7,23.8,43.3,54.9,243.4,1.3,32.3,129.3,4,1.1,75.6,372.7,4.9,11.8,6.9,1.8,20.4,5.5,49.1,0.8,0.7,1.4,BIG-TEN,2015
Minnesota,13,22.5,19.3,32.8,58.8,214.8,1.2,34.3,144.1,4.2,1.3,67.2,358.9,5.3,10.2,6.2,1.2,17.6,5.6,45.5,0.8,0.8,1.7,BIG-TEN,2015
Northwestern,13,19.5,13.4,27.1,49.4,138.5,0.6,46.2,188.5,4.1,1.2,73.2,327.1,4.5,7.8,8.6,1.4,17.8,4.5,39.7,0.5,1,1.5,BIG-TEN,2015
Ole Miss,13,40.8,24.5,37.6,65,334.7,2.7,35.6,183.1,5.1,2.2,73.2,517.8,7.1,14,10.1,2.2,26.2,6.1,54,0.7,1.1,1.8,SEC,2015
Arkansas,13,35.9,18.9,28.8,65.8,268.2,2.4,39.3,198.3,5,2.4,68.1,466.5,6.9,12.8,9.9,0.7,23.4,4.2,36.7,0.2,0.6,0.8,SEC,2015
Tennessee,13,35.2,16.9,28.5,59.3,198.6,1.3,47.5,223.7,4.7,2.5,76,422.3,5.6,10,11.5,1,22.5,5.1,40.8,0.5,0.4,0.8,SEC,2015
Alabama,15,35.1,20.1,29.7,67.5,227.1,1.5,42.8,199.9,4.7,2.2,72.5,427.1,5.9,9.8,10.5,1.7,22,5.9,55.7,0.5,0.7,1.1,SEC,2015
Mississippi State,13,34.4,25.5,38.5,66.2,316.4,2.5,32.8,144.1,4.4,1.6,71.3,460.5,6.5,11.8,8.7,0.7,23.2,4.1,38.9,1,0.4,1.4,SEC,2015
LSU,12,32.8,12.4,23.2,53.6,180.4,1.1,42.1,256.8,6.1,2.9,65.3,437.3,6.7,6.8,10.8,1.6,20.5,8,64.5,0.3,0.5,0.8,SEC,2015
Texas A&M,13,27.8,21,37.1,56.6,258.5,1.9,38.8,169.1,4.4,0.9,75.9,427.5,5.6,11.1,9.5,2,22.5,6.4,54.8,0.7,1.2,1.8,SEC,2015
Auburn,13,27.5,13.8,23.5,58.5,173.5,0.8,45.2,196.4,4.3,2.2,68.7,369.9,5.4,7.5,11.5,0.8,19.8,4.8,46.4,0.4,0.9,1.3,SEC,2015
Georgia,13,26.3,15.3,25.2,60.9,185.1,1.1,37.2,190.4,5.1,1.7,62.4,375.5,6,8.8,8.8,0.8,18.5,5.2,45.5,0.7,0.6,1.3,SEC,2015
Kentucky,12,24.7,18.2,33.1,54.9,209.3,0.8,34.9,162.7,4.7,1.8,68,372,5.5,8.6,8.3,1.6,18.5,5.8,56.3,0.5,1.3,1.8,SEC,2015
Florida,14,23.2,16.3,28.9,56.4,206.9,1.4,36.4,128,3.5,1.4,65.3,334.9,5.1,9.2,6.9,0.6,16.7,6.5,52.6,0.5,0.7,1.2,SEC,2015
South Carolina,12,21.9,15.9,29.3,54.4,207.5,1.4,35.3,154.7,4.4,0.9,64.5,362.2,5.6,8.9,8.1,1,18,5,39,0.3,1,1.3,SEC,2015
Vanderbilt,12,15.2,16,31.3,51.1,171.8,0.9,41.3,155.3,3.8,0.8,72.7,327.2,4.5,7.8,8.3,1.5,17.6,6.1,47.8,0.8,1.3,2.1,SEC,2015
Missouri,12,13.6,15.5,31.1,49.9,165.5,0.8,33.1,115.4,3.5,0.4,64.2,280.9,4.4,7.1,6.3,1.7,15.1,5.3,43.1,0.4,1,1.4,SEC,2015
Washington,14,41.8,18.1,29.1,62.3,258.8,3.4,37.8,198.1,5.2,1.7,66.9,456.9,6.8,11,10.1,1.4,22.6,5.2,44.9,0.4,0.6,1.1,PAC-12,2016
Washington State,13,38.2,35.9,51.1,70.3,362.5,3.1,27.7,121.2,4.4,1.8,78.8,483.7,6.1,17.3,6.5,2.4,26.2,7.9,68.9,0.4,0.9,1.3,PAC-12,2016
California,12,37.1,31.9,51.8,61.7,358.8,3.1,34.5,154.3,4.5,1.3,86.3,513.2,5.9,16.4,8.6,2.9,27.9,7.4,75.8,0.3,1,1.3,PAC-12,2016
Oregon,12,35.4,21.4,33.3,64.4,265.3,2.3,41.1,226.4,5.5,2.4,74.3,491.7,6.6,11.2,10.2,2,23.3,8.3,75.8,0.8,0.5,1.3,PAC-12,2016
USC,13,34.4,23.4,35.6,65.7,276.4,2.5,38.6,201.1,5.2,1.4,74.2,477.5,6.4,12.6,10.4,1.8,24.8,7.6,67.2,0.7,0.8,1.5,PAC-12,2016
Arizona State,12,33.3,21.4,35.4,60.5,259.3,1.3,39.5,131.8,3.3,2.3,74.9,391.1,5.2,11.2,7.3,1.8,20.3,5.5,52,0.6,1.2,1.8,PAC-12,2016
Colorado,14,31.1,20.6,33.5,61.6,254.5,1.5,45,183.9,4.1,2.1,78.5,438.4,5.6,10.6,10.6,2.1,23.4,5.4,47.2,0.6,0.8,1.4,PAC-12,2016
Utah,13,29.8,16.3,30.7,53.1,216.7,1.2,43.8,214,4.9,1.9,74.5,430.7,5.8,9.1,11.1,1.8,21.9,6.9,60.4,1.3,0.6,1.9,PAC-12,2016
Stanford,13,26.3,13.8,23.5,58.7,158.2,1.2,40.2,208.9,5.2,1.5,63.6,367.1,5.8,7.5,9.4,1.2,18.1,6.5,54.4,0.7,0.7,1.4,PAC-12,2016
Oregon State,12,26.2,16.1,29.4,54.7,173.8,1.1,36.7,192.2,5.2,2,66.1,366,5.5,7.5,9.1,1.6,18.2,8,71.8,0.7,0.9,1.6,PAC-12,2016
UCLA,12,24.9,22.8,41.2,55.3,295.6,1.8,28.8,84.3,2.9,1.1,69.9,379.8,5.4,12.7,4.9,2.2,19.8,6.6,59.7,0.8,1.3,2.1,PAC-12,2016
Arizona,12,24.8,13.1,25.5,51.3,178.1,1.1,42.4,235,5.5,2.2,67.9,413.1,6.1,7.1,10.8,2.7,20.5,6.3,64,0.8,1,1.8,PAC-12,2016
Louisville,13,42.5,19.1,33.5,56.9,290.5,2.5,40.4,242.2,6,2.8,73.9,532.7,7.2,11.5,11.7,1.8,25,7.8,70.7,1.7,0.8,2.5,ACC,2016
Pitt,13,40.9,14.5,24.9,58.3,221.7,2.2,41.7,225.1,5.4,2.8,66.6,446.8,6.7,8.8,9.8,1.8,20.5,5.7,49.8,0.7,0.7,1.4,ACC,2016
Clemson,15,39.2,28.1,41.9,67.1,333.9,3,39.3,170.3,4.3,2,81.3,504.3,6.2,15.7,8.9,2.3,26.9,6.3,57.7,0.7,1.1,1.9,ACC,2016
Florida State,13,35.1,18.8,32.4,58,264.1,1.8,39.8,202.3,5.1,2.5,72.2,466.4,6.5,11,11.5,2.2,24.7,7.7,72.9,0.9,0.6,1.5,ACC,2016
Virginia Tech,14,35,19.9,32.1,62.1,261.9,2.2,45.4,183.9,4.1,1.9,77.4,445.7,5.8,12.3,9.6,1.7,23.6,5.1,47.6,1.3,0.6,1.9,ACC,2016
Miami (FL),13,34.3,20.2,32.8,61.7,274.2,2.1,33.5,151.8,4.5,1.8,66.2,425.9,6.4,11.4,7.3,1.4,20.1,7.3,67.4,0.2,0.5,0.8,ACC,2016
North Carolina,13,32.3,24.1,35.3,68.2,293.2,2.3,30.8,145.8,4.7,1.6,66.2,439,6.6,12.9,7.4,1.5,21.8,7.6,61.3,0.8,0.5,1.2,ACC,2016
Georgia Tech,13,28.2,6.4,12.2,52.2,129.2,0.7,47,258.1,5.5,2.6,59.2,387.2,6.5,4.4,12.3,1.1,17.8,4.4,38.5,0.8,0.3,1.2,ACC,2016
North Carolina State,13,27,20.2,33.7,60,260.5,1.5,38.8,156.2,4,1.8,72.5,416.7,5.8,11.8,8.5,1.5,21.8,6,62.3,0.6,0.9,1.5,ACC,2016
Syracuse,12,25.7,27.7,43.5,63.6,321.3,2,37.3,119.7,3.2,1.3,80.8,440.9,5.5,13.6,6.6,2.2,22.3,8,60.8,0.6,1.1,1.7,ACC,2016
Duke,12,23.3,23.1,36.9,62.5,239.8,1.5,39.5,153.6,3.9,1.6,76.4,393.3,5.1,11.9,7.9,1.7,21.5,5.2,40.4,1.2,0.8,1.9,ACC,2016
Virginia,12,22.5,22.2,40.6,54.6,239.3,1.9,32,113.6,3.5,1.1,72.6,352.9,4.9,11,7.2,1.7,19.8,6.3,57.9,0.8,1.3,2.2,ACC,2016
Boston College,13,20.4,11.5,22.8,50.7,143.8,1.1,43.5,149.1,3.4,1.2,66.3,292.8,4.4,6.7,6.8,1.1,14.5,6.9,57.4,0.9,0.6,1.5,ACC,2016
Wake Forest,13,20.4,14.6,27.2,53.8,165.7,0.7,41,145.8,3.6,1.3,68.2,311.5,4.6,7.2,8.5,1.5,17.3,4.7,38.5,0.5,1,1.5,ACC,2016
Oklahoma,13,43.9,20.8,29.5,70.6,318,3.3,44,236.8,5.4,2.3,73.5,554.8,7.5,13.5,10.5,1.3,25.3,5.1,52.2,0.7,0.6,1.3,BIG-12,2016
Texas Tech,12,43.7,35.7,54.4,65.5,463,3.9,32.4,103.6,3.2,1.8,86.8,566.6,6.5,19.8,7.7,2.5,29.9,7.8,62,0.5,0.9,1.4,BIG-12,2016
Oklahoma State,13,38.6,22.7,35.8,63.4,323.9,2.2,37.8,171,4.5,2.5,73.5,494.9,6.7,13.4,8.9,1.4,23.7,5.3,49.5,0.8,0.3,1.1,BIG-12,2016
Baylor,13,34.6,20.7,36.9,56,280.9,2.5,48.3,241.8,5,1.9,85.2,522.7,6.1,10.8,13.4,1.1,25.3,9.9,82.2,0.9,1.2,2.1,BIG-12,2016
Kansas State,13,32.2,13.6,23.8,57.3,157,0.8,43.8,232.2,5.3,3,67.6,389.2,5.8,7.3,12.2,1.9,21.4,6.8,56.6,0.5,0.4,0.9,BIG-12,2016
Texas,12,31.9,20.1,33.5,60,252,1.8,49.6,240.2,4.8,2.3,83.1,492.2,5.9,10.2,13.1,1.8,25.2,7.1,64.1,0.9,1,1.9,BIG-12,2016
West Virginia,13,31.2,19.2,31.5,60.9,257.2,2,44.2,228.4,5.2,1.8,75.6,485.5,6.4,11.7,10.4,2.1,24.2,6.5,63.3,0.8,0.8,1.6,BIG-12,2016
TCU,13,31,22.7,38.7,58.6,268.2,1.4,37.5,195,5.2,2.3,76.2,463.2,6.1,11.5,9.6,1.6,22.8,6.8,61.3,0.5,1.1,1.5,BIG-12,2016
Iowa State,12,27.7,19.6,33.2,59,258.8,1.8,38.2,162.8,4.3,1.5,71.3,421.6,5.9,11.1,8.6,1.4,21.1,6.3,56.8,0.7,0.7,1.3,BIG-12,2016
Kansas,12,20.3,23.2,38.8,59.8,240.4,1.3,33.8,119.1,3.5,0.9,72.5,359.5,5,8.8,7.4,1.5,17.8,5.9,54.5,1.2,1.8,3,BIG-12,2016
Michigan,13,40.3,17.5,28.5,61.6,212,1.5,43.9,213.3,4.9,3.2,72.4,425.3,5.9,9.2,11,1.5,21.8,4.8,45.6,0.4,0.5,0.9,BIG-TEN,2016
Ohio State,13,39.4,19.6,31.5,62.3,213.9,2,44.8,245.2,5.5,2.5,76.3,459.2,6,8.9,13.5,1.5,24,6.3,50.6,0.4,0.5,0.9,BIG-TEN,2016
Penn State,14,37.6,16.1,27.9,57.8,260.7,2.1,38.3,174.9,4.6,2.4,66.2,435.6,6.6,9.6,8.7,2.1,20.4,4.8,44.1,0.9,0.6,1.4,BIG-TEN,2016
Minnesota,13,29.3,13.9,25.2,55.2,173.6,0.7,42.9,183.6,4.3,2.6,68.2,357.2,5.2,8.2,9.7,1.3,19.2,6.8,57.2,0.4,0.9,1.3,BIG-TEN,2016
Wisconsin,14,28.4,14.4,23.1,62.5,179.1,1,47,203.1,4.3,2.2,70.1,382.1,5.5,9.3,10.1,0.9,20.3,3.4,32.5,0.4,0.7,1.1,BIG-TEN,2016
Nebraska,13,26.5,15.5,30.8,50.3,211.7,1.4,40.2,169.2,4.2,1.8,70.9,380.9,5.4,10.2,8.6,1.7,20.5,5.8,53.5,0.4,0.7,1.1,BIG-TEN,2016
Northwestern,13,26,21.7,37.2,58.4,245.1,1.7,38.5,153.2,4,1.7,75.7,398.2,5.3,12,8,1.6,21.6,3.6,29.9,0.5,0.7,1.2,BIG-TEN,2016
Indiana,13,25.8,20.2,35.1,57.7,273.8,1.6,41.1,152.2,3.7,1.4,76.2,426,5.6,11.7,8.1,1.7,21.5,6.1,52.8,0.8,1.4,2.2,BIG-TEN,2016
Maryland,13,25.8,15.1,26.3,57.3,178.2,1.2,41,199.5,4.9,2,67.3,377.8,5.6,7.8,9.5,0.8,18.2,6.8,60.7,0.8,0.7,1.5,BIG-TEN,2016
Iowa,13,24.9,13.5,23.8,56.5,153.2,1.3,38.6,171.8,4.5,1.8,62.5,325,5.2,6.5,9,1.2,16.7,5,41.3,0.2,0.8,0.9,BIG-TEN,2016
Purdue,12,24.6,26,46.4,56,294.9,2.1,30,96.3,3.2,1,76.4,391.3,5.1,12.7,6.5,2,21.2,4.3,37.3,0.7,2.1,2.8,BIG-TEN,2016
Michigan State,12,24.1,17.6,30.8,57,222.3,1.6,39.3,172.7,4.4,1.2,70.1,395,5.6,10.4,9.1,1,20.5,6.4,60.3,0.6,0.9,1.5,BIG-TEN,2016
Illinois,12,19.7,15.3,29.8,51.1,174.6,1.1,29.4,140.5,4.8,1.2,59.3,315.1,5.3,7.6,6.1,1.3,15,6.3,53.3,0.9,0.8,1.7,BIG-TEN,2016
Rutgers,12,15.7,13.3,27.7,47.9,138.3,0.9,40.7,145.3,3.6,0.7,68.3,283.5,4.1,6.8,8,0.8,15.5,5.3,43,1,0.6,1.6,BIG-TEN,2016
Alabama,15,38.8,17.7,27.8,63.5,210.3,1.7,42.6,245,5.8,2.2,70.4,455.3,6.5,8.1,12.1,0.8,21,5.7,44,0.7,0.6,1.3,SEC,2016
Tennessee,13,36.4,18.3,29.2,62.8,238.5,2.2,39.8,205.2,5.2,2.4,68.9,443.7,6.4,10.5,9.7,1.4,21.5,6.2,56.5,1.1,0.9,2,SEC,2016
Texas A&M,13,34.8,19.6,36.1,54.4,255.2,1.9,37.2,211.8,5.7,2.2,73.3,467,6.4,10.9,9.5,1.2,21.6,6.2,52.7,0.9,0.7,1.6,SEC,2016
Ole Miss,12,32.6,24.1,40.3,59.8,314.9,2.3,35.2,149.4,4.2,1.4,75.4,464.3,6.2,14.8,8.3,1.8,24.8,4.9,43.3,0.4,1.2,1.6,SEC,2016
Missouri,12,31.4,20.8,37.3,55.6,295.4,2.1,41.7,205.1,4.9,2,79,500.5,6.3,10.8,12,1.5,24.3,6.7,58,1.1,0.8,1.9,SEC,2016
Auburn,13,31.2,13.7,22.1,62,169.5,0.9,49.6,271.3,5.5,2.5,71.7,440.8,6.1,7.5,13.2,1.2,21.9,4.7,36.5,0.6,0.5,1.1,SEC,2016
Mississippi State,13,30.4,17.7,31.6,56,209.7,1.8,40.6,231.2,5.7,1.8,72.2,440.8,6.1,9.5,10.9,1.6,22,5.2,47.5,0.5,0.8,1.2,SEC,2016
Arkansas,13,30.3,19,31.2,60.8,264.2,2,39.7,164.4,4.1,1.6,70.9,428.5,6,11.5,8.9,1.7,22.3,6.2,51.9,0.8,1.2,1.9,SEC,2016
Kentucky,13,30,13.1,24,54.5,186.1,1.3,43.1,234.2,5.4,2.3,67.1,420.2,6.3,7.4,11.2,1.5,20,5.1,46.5,1.2,0.9,2.2,SEC,2016
LSU,12,28.3,14.5,24.8,58.4,190.1,1,38.2,233.1,6.1,2.5,63,423.2,6.7,8.3,10,1.3,19.6,4.8,41,0.8,0.6,1.4,SEC,2016
Georgia,13,24.5,16.3,29.7,54.9,193.5,1.2,40.8,191.5,4.7,1.4,70.5,384.9,5.5,9,9.7,1.4,20.1,5.7,43,0.8,0.7,1.5,SEC,2016
Florida,13,23.9,18.5,31.5,58.8,215.8,1.4,34.8,128.2,3.7,0.8,66.3,344,5.2,9.6,7.3,1.2,18.1,6.8,58.3,0.5,1.2,1.7,SEC,2016
Vanderbilt,13,23,16.2,30.3,53.3,191.2,0.7,38.2,164.5,4.3,2,68.5,355.7,5.2,9.9,8.1,1.5,19.5,5.2,44.2,0.3,0.8,1.2,SEC,2016
South Carolina,13,20.8,19.1,30.9,61.7,213.2,0.9,36.5,134.4,3.7,1.5,67.5,347.5,5.2,9.8,7.2,1.6,18.5,5,46.6,1,0.5,1.5,SEC,2016
Arizona,13,41.3,14.1,22.7,62,180.2,1.5,46.9,309.7,6.6,3.7,69.6,489.9,7,7.5,13.1,3.1,23.5,5.3,55,0.7,1,1.7,PAC-12,2017
Washington,13,36.2,18.5,26.8,69,222.2,1.5,36.4,183.2,5,2.8,63.2,405.5,6.4,10.3,8.9,1.6,20.8,4.2,34.2,0.5,0.4,0.8,PAC-12,2017
Oregon,13,36,15.6,23.9,65.3,189.9,1.4,48.3,251,5.2,3.1,72.2,440.9,6.1,7.4,12.5,2.1,21.9,9.3,87.5,1,0.9,1.9,PAC-12,2017
USC,14,32.6,22.1,35.1,62.9,299,1.9,38.5,186.2,4.8,2.1,73.6,485.2,6.6,13.7,9.6,1,24.3,7.6,69.6,1,0.9,1.9,PAC-12,2017
UCLA,13,32.5,26,41.2,63.1,344.5,2.4,30.2,114,3.8,1.5,71.5,458.5,6.4,14.1,7.6,1.8,23.5,8.2,75.2,0.9,0.8,1.7,PAC-12,2017
Stanford,14,32.4,14.9,25.9,57.3,186.3,1.6,34.2,202.6,5.9,2.2,60.1,388.9,6.5,7.9,7.9,1.9,17.6,5.8,47.3,0.3,0.6,0.9,PAC-12,2017
Arizona State,13,31.8,20.3,32,63.5,255.7,1.6,43.4,175.8,4.1,2.1,75.4,431.5,5.7,10.1,10.2,1.5,21.8,3.8,37.5,0.5,0.7,1.2,PAC-12,2017
Washington State,13,30.3,37.5,54.8,68.3,366.8,2.8,23.3,67.5,2.9,0.6,78.2,434.3,5.6,16.7,4.8,1.7,23.2,5.6,51.2,0.8,1.5,2.4,PAC-12,2017
Utah,13,29.5,20.1,32.8,61.1,249.4,1.4,40.5,164,4.1,1.7,73.3,413.4,5.6,10.5,10.3,2.3,23.1,6.8,61,0.9,1.1,2,PAC-12,2017
California,12,27.8,23.2,39.7,58.4,258.9,1.6,34.7,125.6,3.6,1.4,74.3,384.5,5.2,11.6,8.2,2.5,22.1,6.5,54.8,0.7,1,1.7,PAC-12,2017
Colorado,12,26.4,20.3,34.2,59.5,260.4,1.6,41.2,158.5,3.9,1.4,75.3,418.9,5.6,10.7,10.3,1.6,22.6,6.3,55.7,0.4,0.8,1.2,PAC-12,2017
Oregon State,12,20.7,17.8,30.2,59.1,196.3,0.9,34.3,137.5,4,1.5,64.4,333.8,5.2,8.8,7.9,2.3,19,7,68,1.3,1,2.3,PAC-12,2017
Louisville,13,38.1,21.3,35.7,59.7,299.8,2.2,38.1,245.1,6.4,2.5,73.8,544.9,7.4,12.9,12.1,2.1,27.1,6.3,51.1,0.8,0.8,1.6,ACC,2017
Wake Forest,13,35.3,20.6,32.8,62.9,276.8,2.5,41.2,189.1,4.6,1.7,73.9,465.9,6.3,11.8,9.6,1.3,22.8,5.3,41.8,0.5,0.5,1,ACC,2017
Clemson,14,33.3,22.1,33.5,65.9,235.5,1.2,41.2,195,4.7,2.9,74.7,430.5,5.8,11,9.6,1.4,22.1,4.9,43.4,0.5,0.6,1.1,ACC,2017
North Carolina State,13,32.2,24.2,37.2,65.1,275.1,1.3,38.1,177.1,4.7,2.7,75.3,452.2,6,12.5,9.2,1.7,23.3,6,55.5,0.5,0.5,1,ACC,2017
Miami (FL),13,29.1,17.5,32.8,53.3,242.5,2,31.8,160.8,5.1,1.5,64.5,403.4,6.3,9.8,8.2,1.3,19.3,5.2,49.3,0.3,1.1,1.4,ACC,2017
Virginia Tech,13,28.2,18.8,31.5,59.8,239.5,1.6,44.8,173.4,3.9,1.5,76.4,412.8,5.4,10.9,9.7,1.5,22.2,4.6,42.2,0.4,0.7,1.1,ACC,2017
Georgia Tech,11,28.1,3.9,10.7,36.4,84.3,0.9,57.5,307.4,5.3,2.7,68.2,391.6,5.7,2.9,15.3,1.3,19.5,4,35.8,0.9,0.5,1.4,ACC,2017
Florida State,13,27.8,15.5,26.5,58.6,196.2,1.6,35.6,155.7,4.4,1.3,62.2,351.9,5.7,8.5,8.5,1.1,18,6,53.8,0.6,1,1.6,ACC,2017
Syracuse,12,27.4,26.7,45.7,58.4,294.8,1.7,39.9,161.5,4,1.3,85.6,456.3,5.3,13.1,9,2.3,24.4,6.2,49.4,0.7,1.3,2,ACC,2017
Duke,13,26.5,20.5,36.1,56.7,213.4,1.2,42.1,171.4,4.1,1.7,78.2,384.8,4.9,10.5,10.8,1.7,23,4.8,41.6,0.5,0.9,1.5,ACC,2017
North Carolina,12,26,18.4,33.9,54.3,225.3,1.8,35.6,144.3,4.1,1.4,69.5,369.6,5.3,10.8,7.4,1.5,19.7,7.8,72.7,0.5,1.3,1.8,ACC,2017
Boston College,13,25.7,15.2,28.2,54,166.3,1.2,47.5,220.4,4.6,1.8,75.8,386.7,5.1,7.8,10.1,1.1,18.9,3.6,29.8,0.6,0.9,1.5,ACC,2017
Pitt,12,23.9,18.7,30.2,61.9,217.7,1,38.3,148.5,3.9,1.8,68.5,366.2,5.3,9.7,9.2,1.1,19.7,3.8,38.2,0.7,0.7,1.3,ACC,2017
Virginia,13,22.5,23.1,39.9,57.8,248.7,1.9,29.9,93.5,3.1,0.8,69.8,342.2,4.9,10.8,6,1.7,18.5,4.8,44.8,0.6,0.8,1.5,ACC,2017
Oklahoma,14,45.1,22.1,30.9,71.4,361.8,3.4,39,217.8,5.6,2.4,69.9,579.6,8.3,14.4,10.2,1.4,25.8,5.9,57.8,0.5,0.4,0.9,BIG-12,2017
Oklahoma State,13,45,25,38.7,64.6,389.2,2.8,38.5,182.2,4.7,2.6,77.2,571.3,7.4,16.4,9.1,2.2,27.6,5.1,45.5,0.8,0.8,1.6,BIG-12,2017
West Virginia,13,34.5,22.6,37,61.1,309.3,2.8,35.5,150.2,4.2,1.4,72.5,459.5,6.3,12.2,8.7,2.3,23.2,6.1,59.7,0.9,1.1,2,BIG-12,2017
Texas Tech,13,34.3,27.2,41.6,65.2,333.7,2.7,35.3,140.9,4,1.5,76.9,474.6,6.2,14.5,8.2,1.9,24.5,8,76.6,0.5,0.9,1.4,BIG-12,2017
TCU,14,33.6,20.4,30.7,66.3,245.1,2,38.1,174.1,4.6,1.9,68.8,419.2,6.1,10.2,9.5,1.6,21.3,6.4,53.6,0.6,0.6,1.2,BIG-12,2017
Kansas State,13,32.3,12,20.8,57.8,173.8,1.2,39.9,198.8,5,2.2,60.7,372.5,6.1,6.8,9.3,1.1,17.2,5.2,45.8,0.4,0.6,1,BIG-12,2017
Texas,13,29.5,22.9,38.2,60,258.8,1.4,38.9,140,3.6,1.8,77.2,398.8,5.2,11,8.2,1.5,20.5,7.1,66.8,0.5,0.8,1.4,BIG-12,2017
Iowa State,13,29.2,23.1,36.7,62.9,272.9,2.1,32.8,113.1,3.4,1.2,69.5,386,5.6,12.3,5.9,2.8,21.1,4.4,39.7,0.1,0.7,0.8,BIG-12,2017
Baylor,12,24.3,22.4,38.5,58.2,287.7,1.9,34.5,117.3,3.4,0.8,73,404.9,5.5,11.4,6.7,1.8,19.9,7.3,55.9,0.9,1.2,2.1,BIG-12,2017
Kansas,12,18.7,20.8,38.3,54.1,226.4,1.2,32.6,102.6,3.1,0.9,70.9,329,4.6,9.4,5.5,1.3,16.2,5.5,46.1,0.8,1.4,2.2,BIG-12,2017
Ohio State,14,41.1,20.5,31.4,65.2,262.8,2.8,42,243.4,5.8,2.4,73.4,506.2,6.9,10.7,12.4,2.1,25.3,6.9,67.4,0.6,0.7,1.4,BIG-TEN,2017
Penn State,13,41.1,23.2,35.2,65.7,290.2,2.5,34.7,170.2,4.9,2.8,69.9,460.3,6.6,13.2,7.6,1.9,22.8,4.2,37.7,0.2,0.8,1,BIG-TEN,2017
Wisconsin,14,33.8,14.6,23.2,62.8,192.1,1.8,44.7,223.2,5,2,67.9,415.3,6.1,9.1,10.6,1.4,21.1,5.4,50.2,0.6,1.1,1.7,BIG-TEN,2017
Northwestern,13,29.2,21.2,35.4,60,233.8,1.3,41.3,174.2,4.2,2.3,76.7,408,5.3,11.5,9.6,1.7,22.8,4.9,49,0.5,0.9,1.4,BIG-TEN,2017
Iowa,13,28.2,15.3,27.3,56.1,189.8,2.1,37,139.2,3.8,1.3,64.3,329.1,5.1,8.2,7.9,1.3,17.4,5.1,41.1,1,0.5,1.5,BIG-TEN,2017
Indiana,12,26.8,25.5,41.8,61,265.7,2.1,37.4,130.1,3.5,0.9,79.3,395.8,5,12,6.7,2.3,21,5.9,58.9,0.6,1.1,1.7,BIG-TEN,2017
Nebraska,12,25.8,22.1,38.3,57.7,277.5,1.8,30.7,107.5,3.5,1.1,68.9,385,5.6,12.1,6.1,1.4,19.6,6.3,60.7,0.2,1.4,1.6,BIG-TEN,2017
Michigan,13,25.2,14.2,26.6,53.5,171.2,0.7,40.7,177.7,4.4,2,67.3,348.9,5.2,7.4,8.8,1.2,17.5,6.6,57.2,0.8,0.8,1.6,BIG-TEN,2017
Purdue,13,25.2,22.5,37.8,59.5,251.5,2.1,34.4,151.5,4.4,0.9,72.2,403.1,5.6,11.1,8.8,1.8,21.7,5.9,50.6,0.5,0.8,1.3,BIG-TEN,2017
Michigan State,13,24.5,19,32.6,58.3,215.2,1.5,41.8,168.4,4,1.4,74.5,383.6,5.2,10.7,9,1.9,21.6,6.5,59.1,0.9,0.6,1.5,BIG-TEN,2017
Maryland,12,24.1,14.6,26.5,55,161.7,1.3,36.3,161.7,4.4,1.6,62.8,323.3,5.1,6.8,7.7,2.3,16.8,6.9,64.5,0.5,0.7,1.2,BIG-TEN,2017
Minnesota,12,22.1,9.2,19.4,47.2,126.1,0.8,43.8,182.4,4.2,1.7,63.2,308.5,4.9,5.1,10,1.3,16.4,3.3,28.3,0.6,0.9,1.5,BIG-TEN,2017
Rutgers,12,18,11.3,22.9,49.1,115.6,0.6,36.4,148.6,4.1,1.6,59.3,264.2,4.5,4.9,7.3,1.6,13.8,5.9,50.1,0.8,0.9,1.7,BIG-TEN,2017
Illinois,12,15.4,14,28.3,49.6,174.8,0.7,32.2,105.6,3.3,0.9,60.4,280.4,4.6,6.9,6,1.6,14.5,7.1,64,0.6,1.6,2.2,BIG-TEN,2017
Missouri,13,37.5,19,33.1,57.4,308.6,3.4,37.2,194.5,5.2,1.2,70.3,503.2,7.2,11.5,10.2,1.6,23.4,7.4,59.5,0.8,1.1,1.9,SEC,2017
Alabama,14,37.1,14.6,23.8,61.3,193.4,2,43.7,250.6,5.7,2.6,67.5,444.1,6.6,8.6,12.4,1.4,22.2,4.9,40.6,0.5,0.2,0.7,SEC,2017
Georgia,15,35.4,12.4,20.3,61,176.9,1.6,44.9,258.4,5.8,2.8,65.2,435.3,6.7,7.5,11.9,1.4,20.7,6.3,55.7,0.5,0.6,1.1,SEC,2017
Auburn,14,33.9,18.2,27.3,66.8,233.4,1.5,45.9,218.3,4.8,2.4,73.1,451.6,6.2,9,11.5,1.8,22.3,4.5,38.6,1,0.4,1.4,SEC,2017
Ole Miss,12,32.8,23.4,36.2,64.7,328.4,2.3,30.8,134.1,4.4,1.6,66.9,462.5,6.9,12.6,7.2,1.5,21.3,7.6,62.4,0.4,1.1,1.5,SEC,2017
Texas A&M,13,32.7,19.5,34.5,56.3,251.2,1.7,38.9,155.6,4,2,73.5,406.8,5.5,10.7,7.4,1.9,20,5.2,45.2,0.5,0.9,1.5,SEC,2017
Mississippi State,13,32,14.7,27.2,54.1,166.9,1.3,48.8,251.7,5.2,2.3,75.9,418.6,5.5,7.6,14,1.4,23,6.2,54.6,0.6,1.1,1.7,SEC,2017
Arkansas,12,28.8,16,28.3,56.5,205.4,1.5,38.5,168,4.4,2,66.8,373.4,5.6,9,9.2,1.7,19.8,4.8,42.1,0.8,0.8,1.5,SEC,2017
LSU,13,27.2,13.8,23.1,59.7,203.5,1.3,43.3,207.6,4.8,1.9,66.4,411.1,6.2,8.4,10.5,1.2,20.1,5.8,50.6,0.3,0.3,0.6,SEC,2017
Kentucky,13,25.5,15.1,25.4,59.4,188.2,0.8,37.5,161.7,4.3,2.1,62.9,349.8,5.6,8.6,8.1,1.9,18.6,5.5,48.2,0.6,0.5,1.2,SEC,2017
Vanderbilt,12,24.6,19.3,33.6,57.6,243.6,2.3,29,107.6,3.7,1.2,62.6,351.2,5.6,11.5,5.6,1.3,18.4,5.8,50.1,0.3,0.8,1.2,SEC,2017
South Carolina,13,24.2,18.8,30.5,61.7,214.9,1.4,31.1,123,4,1.2,61.6,337.9,5.5,9.6,7.1,1.1,17.8,4.8,38,0.4,0.9,1.3,SEC,2017
Florida,11,22.1,15.8,28.4,55.8,179.5,0.9,36.4,156.4,4.3,1.4,64.7,335.9,5.2,8.4,7.5,0.9,16.8,7.9,58.7,0.9,0.9,1.8,SEC,2017
Tennessee,12,19.8,15,26.6,56.4,173.7,0.9,34.3,117.9,3.4,1.2,60.9,291.6,4.8,7.9,6.4,2.1,16.4,5.6,41.4,0.7,0.8,1.5,SEC,2017
Washington State,13,37.5,36.8,52.1,70.6,373.5,3,21.4,78.9,3.7,1.8,73.5,452.5,6.2,17.8,4.5,1.9,24.5,6.6,65,0.3,0.8,1.1,PAC-12,2018
Oregon,13,34.8,18.9,32.1,59,247.8,2.2,40.5,180.8,4.5,2.2,72.5,428.7,5.9,10.8,9.2,1.6,21.6,4.6,43.7,0.7,0.6,1.3,PAC-12,2018
Arizona,12,31.3,18,32.4,55.5,255.3,2.4,41.1,202.4,4.9,1.2,73.5,457.7,6.2,10.8,9.6,3.2,23.6,7.9,75.7,0.8,0.8,1.6,PAC-12,2018
Arizona State,13,29.9,19,30.5,62.2,232.7,1.5,38.4,184.2,4.8,2,68.9,416.9,6,10.1,9.8,1.6,21.5,6.1,53.8,0.3,0.5,0.8,PAC-12,2018
Stanford,13,28.4,20.8,32.5,64.1,273.1,2.2,29.5,107.9,3.7,1.2,62.1,381,6.1,11.5,5.1,2.7,19.3,5.5,42.2,0.3,0.8,1.2,PAC-12,2018
Utah,14,28.1,17.9,29.1,61.4,213.9,1.4,40.2,182.4,4.5,1.6,69.3,396.4,5.7,9.1,9.8,1.4,20.3,5.1,46.9,1,0.9,1.9,PAC-12,2018
Colorado,12,27.1,22.6,35,64.5,249.6,1.6,37.7,143,3.8,1.8,72.7,392.6,5.4,11.1,7.6,2,20.7,5.9,55.3,0.6,1,1.6,PAC-12,2018
Washington,14,26.4,18.9,28.9,65.2,238.4,1.4,40.3,176.3,4.4,1.8,69.2,414.6,6,11.1,9.3,1.7,22.1,4.9,44.2,0.4,0.9,1.2,PAC-12,2018
Oregon State,12,26.1,21.6,35.8,60.2,249.2,1.4,40.4,155.6,3.8,1.9,76.3,404.8,5.3,11.5,8.8,1.6,21.9,5.3,47.9,0.8,0.8,1.5,PAC-12,2018
USC,12,26.1,20.3,33.4,60.8,248.2,1.5,32.8,134.4,4.1,1.4,66.2,382.6,5.8,10.3,7,1.9,19.3,8,73.6,0.8,0.8,1.6,PAC-12,2018
UCLA,12,24.6,19.9,33.6,59.3,237.8,1.1,37.5,155.3,4.1,1.7,71.1,393,5.5,11.2,8.2,1.8,21.1,6.8,57,0.6,0.8,1.4,PAC-12,2018
California,13,21.5,19.5,32.5,60,185.8,1.2,37.5,157.7,4.2,1,70,343.5,4.9,8.7,8.5,2.1,19.3,5.7,50.1,0.8,1.5,2.4,PAC-12,2018
Clemson,15,44.3,21.8,33.9,64.4,278.7,2.5,37.8,249.3,6.6,3.3,71.7,528,7.4,12,10.5,1.3,23.9,4.6,41.6,0.6,0.5,1.1,ACC,2018
Syracuse,13,40.2,20.8,35.6,58.5,264.7,1.7,45.6,202.1,4.4,2.9,81.2,466.8,5.7,10.3,11,2.2,23.6,7.2,59.1,0.5,0.9,1.4,ACC,2018
North Carolina State,13,33.8,25.7,38.2,67.3,313.2,1.9,37.2,143.1,3.8,2.1,75.4,456.2,6.1,14.2,7.7,2.3,24.2,4.6,44.7,0.5,0.8,1.4,ACC,2018
Georgia Tech,13,33.6,4.3,9.7,44.4,83.8,0.5,57.3,325.1,5.7,3.5,67,408.8,6.1,3,16.8,1.4,21.2,3.8,36.7,1,0.3,1.3,ACC,2018
Wake Forest,13,32.8,19.1,34.2,55.9,235.2,1.9,48.2,216.7,4.5,1.6,82.3,451.8,5.5,10.9,12.2,1.6,24.7,4.2,42.2,0.5,1,1.5,ACC,2018
Boston College,12,32,16.3,28.1,57.9,215.3,2.1,46.4,189.2,4.1,1.9,74.5,404.4,5.4,8.9,9.5,1,19.4,6.3,49.2,0.8,0.8,1.6,ACC,2018
Virginia Tech,13,29.8,19.2,33,58.3,253.8,2.2,39.8,174.3,4.4,1.5,72.8,428.2,5.9,11.2,9.7,1.5,22.3,5.8,54.9,0.5,0.8,1.2,ACC,2018
Duke,13,29.4,21.4,36.6,58.4,246.1,2.4,36.9,159.6,4.3,1.5,73.5,405.7,5.5,10.5,8.7,1.3,20.5,4.2,34.8,0.8,0.8,1.5,ACC,2018
Miami (FL),13,28.8,14,27.4,51.1,167.3,1.5,36.8,191.5,5.2,1.9,64.2,358.8,5.6,6.8,9,1.2,17.1,5.6,46.3,0.9,1.1,2,ACC,2018
Virginia,13,28.5,17.5,27.5,63.7,211.6,2,38.4,172.9,4.5,1.5,65.9,384.5,5.8,9.5,10.5,1.2,21.2,4.5,40.6,0.8,0.7,1.5,ACC,2018
North Carolina,11,27.4,22.2,37.6,58.9,249.1,1.3,36.5,193,5.3,1.7,74.2,442.1,6,10.6,9.5,1.1,21.3,6,55.6,0.8,1.3,2.1,ACC,2018
Pitt,14,25.6,13,22.6,57.6,141.8,0.9,40.8,227.9,5.6,2.1,63.4,369.7,5.8,5.1,10.9,1.2,17.2,7.2,67.3,0.7,0.4,1.1,ACC,2018
Florida State,12,21.9,21.6,37.9,56.9,269.1,1.7,32.6,90.9,2.8,0.9,70.5,360,5.1,10.7,5,1.4,17.1,9.2,70.9,1.1,1.1,2.2,ACC,2018
Louisville,12,19.8,17.5,32.8,53.3,211.1,0.8,33.5,142.4,4.3,1.5,66.3,353.5,5.3,9.5,7.9,1.3,18.8,8.4,71.8,0.8,1.3,2.1,ACC,2018
Oklahoma,14,48.4,19.6,28.6,68.3,322.9,3.1,37.3,247.9,6.6,2.9,65.9,570.7,8.7,13.4,11.4,1.5,26.4,6.1,61.1,0.4,0.5,0.9,BIG-12,2018
West Virginia,12,40.3,24.3,37.1,65.4,351.3,3.2,35.4,160.9,4.5,1.8,72.5,512.3,7.1,14.4,8.3,1.6,24.3,7.1,66.7,0.6,0.8,1.4,BIG-12,2018
Oklahoma State,13,38.4,22.5,37.8,59.3,308.7,2.5,39.9,190.7,4.8,2.3,77.8,499.4,6.4,14.2,10.2,1.8,26.1,6.8,70.5,0.7,1,1.7,BIG-12,2018
Texas Tech,12,37.3,30.1,44.6,67.5,352.6,2.3,36.4,131.8,3.6,2.2,81,484.3,6,16.7,7.9,1.9,26.6,7.9,73.8,0.6,1.3,1.8,BIG-12,2018
Texas,14,31.1,22.1,34,65.1,258.2,2,40.3,153.8,3.8,1.7,74.3,412,5.5,12.1,9.2,1.9,23.2,7.4,67,0.4,0.4,0.8,BIG-12,2018
Baylor,13,29.5,22.8,37.3,61,290,1.7,38.6,169.1,4.4,1.9,75.9,459.1,6,12,11.2,2.2,25.5,7.8,74.1,0.5,1,1.5,BIG-12,2018
Iowa State,13,26.8,18.2,27.8,65.7,240.9,1.5,35.7,130.2,3.6,1.5,63.5,371.2,5.8,9.5,7.9,1.9,19.2,4.8,39.8,0.8,0.7,1.5,BIG-12,2018
Kansas,12,23.8,19.2,32.8,58.5,192.7,1.5,35.2,158.2,4.5,1.2,67.9,350.8,5.2,9.3,7.2,1.5,17.9,6.5,55.8,0.6,0.3,0.9,BIG-12,2018
TCU,13,23.5,18.3,31.4,58.3,210.8,1.4,38.1,157.2,4.1,1.1,69.5,368.1,5.3,9.2,8.8,1,18.9,4.3,39.1,0.8,1.2,2,BIG-12,2018
Kansas State,12,22.5,13.8,24.2,57.2,162.1,0.9,42.3,182.6,4.3,1.7,66.4,344.7,5.2,7.3,9.7,1.8,18.8,4.9,44.8,0.8,0.6,1.4,BIG-12,2018
Ohio State,14,42.4,28.2,40,70.5,358.7,3.6,40.7,177,4.3,1.7,80.7,535.7,6.6,16.5,9.7,2.6,28.8,8.3,75.4,0.6,0.6,1.2,BIG-TEN,2018
Michigan,13,35.2,17.2,26.8,64.1,215.7,1.8,42.2,203.8,4.8,2,69,419.5,6.1,9.5,10.5,1.6,21.5,6.8,63.5,0.2,0.7,0.9,BIG-TEN,2018
Penn State,13,33.8,15.8,29.2,54.2,218.2,1.6,40,204.8,5.1,2.6,69.2,423,6.1,9,10.3,2.2,21.5,4.7,42.4,1,0.6,1.6,BIG-TEN,2018
Iowa,13,31.2,18.6,31.4,59.3,226.6,2.1,37.5,148.4,4,1.5,68.9,375,5.4,10.6,7.6,1.8,20.1,4.8,42.5,0.5,0.8,1.4,BIG-TEN,2018
Purdue,13,30.5,25.6,39.2,65.4,307.5,2.2,30.8,136.4,4.4,1.5,69.9,443.9,6.3,12,7.5,2.4,21.8,6.2,64.4,0.5,1,1.5,BIG-TEN,2018
Nebraska,12,30,21.4,33.7,63.6,247.2,1.6,38.7,209,5.4,2.1,72.3,456.2,6.3,10.8,10.8,1.5,23.2,7.7,70.8,0.9,0.9,1.8,BIG-TEN,2018
Wisconsin,13,29.7,13.8,23.4,58.9,157.7,1.5,43.9,273.4,6.2,2.5,67.3,431.1,6.4,7.7,13.5,0.6,21.8,5.7,50.5,0.8,1.1,1.8,BIG-TEN,2018
Minnesota,13,28.9,14.6,26.6,54.9,208.8,1.5,40.2,171.2,4.3,1.8,66.8,380,5.7,9.2,9.3,2.2,20.7,3.9,39.1,0.8,1.1,1.9,BIG-TEN,2018
Maryland,12,28.5,10.4,20.1,51.9,141.3,1,40.5,230.3,5.7,2.1,60.6,371.5,6.1,5.2,10.3,1.4,16.9,8.3,79.7,0.8,0.4,1.2,BIG-TEN,2018
Indiana,12,26.4,26.3,40.1,65.7,257.8,1.7,35.7,157.3,4.4,1.4,75.8,415.2,5.5,11.9,8.8,2.8,23.5,5.9,60.8,0.7,1.1,1.8,BIG-TEN,2018
Illinois,12,26,14.8,27.3,54,165.7,0.8,40.8,244.8,6,2.1,68.2,410.4,6,7.6,10.4,1.4,19.4,6.3,64.4,0.8,1.2,2,BIG-TEN,2018
Northwestern,14,24.2,22.8,37.6,60.5,239.4,1.2,37,114.9,3.1,1.8,74.6,354.4,4.7,11.5,6.6,2.5,20.6,2.9,25.9,0.2,1.1,1.4,BIG-TEN,2018
Michigan State,13,18.7,19.6,38.2,51.4,217.2,0.9,35.8,124.8,3.5,1.1,73.9,342.1,4.6,11.2,7.1,1.9,20.2,6,54.7,0.6,1.1,1.7,BIG-TEN,2018
Rutgers,12,13.5,14.3,29.2,48.9,132.2,0.4,35.1,134.1,3.8,1,64.3,266.3,4.1,6,7.2,2,15.2,6.3,62.3,0.6,1.8,2.4,BIG-TEN,2018
Alabama,15,45.6,20.1,29.2,68.7,323.6,3.5,38.1,198.4,5.2,2.2,67.3,522,7.8,13,10.3,1.4,24.7,5.8,53.1,0.5,0.5,1,SEC,2018
Georgia,14,37.9,17.3,25.5,67.8,226.9,2.4,40.4,239.2,5.9,2.1,65.9,466.1,7.1,10.1,12.1,1.5,23.6,5.5,49.6,0.6,0.4,1,SEC,2018
Missouri,13,36.6,21.6,34.7,62.3,279.4,2.2,42.5,202.4,4.8,2.1,77.2,481.8,6.2,12.3,9.9,2.4,24.6,6.9,61.5,0.5,0.6,1.2,SEC,2018
Texas A&M,13,36,19.5,34,57.5,252.6,1.9,41.2,219,5.3,2.2,75.2,471.6,6.3,11.8,11.6,2.4,25.8,6.2,50.9,0.6,0.7,1.3,SEC,2018
Florida,13,35,16.7,28,59.6,213.5,2.2,40.3,213.3,5.3,1.8,68.3,426.8,6.2,9.5,11.1,1.3,21.8,7.3,62.7,0.6,0.5,1.1,SEC,2018
Ole Miss,12,33.9,23.5,36.8,63.9,346.4,1.8,34.8,164.9,4.7,2,71.6,511.3,7.1,13.6,8.8,1.8,24.1,7.3,66.8,0.4,0.8,1.2,SEC,2018
LSU,13,32.4,17.2,29.8,57.9,228.5,1.3,43,173.6,4,2.2,72.8,402.1,5.5,10.2,9.9,2.6,22.7,6.4,61.1,0.6,0.4,1,SEC,2018
Auburn,13,30.9,17.9,29.3,61.2,222.5,1.6,39.4,167.5,4.3,1.9,68.7,389.9,5.7,8.8,9.9,1.7,20.4,6.4,56.7,0.6,0.4,1,SEC,2018
South Carolina,13,30.1,20.9,34.1,61.4,272.8,2.5,34,153.3,4.5,1.2,68.1,426.2,6.3,12.1,8,1.5,21.6,6.3,53.2,0.5,1.1,1.6,SEC,2018
Mississippi State,13,28.5,12.7,24.8,51.1,173.8,1.7,39.5,223.6,5.7,2,64.4,397.4,6.2,6.7,11.8,1.2,19.6,6.4,57.5,0.2,0.8,1,SEC,2018
Vanderbilt,13,28.5,19.8,32,62,243.7,1.8,33.3,167.6,5,1.7,65.3,411.3,6.3,10.5,8.3,2.3,21.2,5.5,43.7,0.6,0.5,1.1,SEC,2018
Kentucky,13,26.6,14.9,22.8,65.5,161.5,1.1,41,202,4.9,2.1,63.8,363.5,5.7,7.4,10.8,1.8,19.9,6.1,55.5,0.6,0.8,1.4,SEC,2018
Tennessee,12,22.8,14.7,24.8,59.3,196.4,1.3,34.5,130,3.8,1.3,59.3,326.4,5.5,8,6.3,1.8,16,5.7,46.5,0.9,0.4,1.3,SEC,2018
Arkansas,12,21.7,16.8,30.8,54.6,191.8,1.4,36.7,143.3,3.9,0.9,67.5,335.1,5,8.4,7.9,1.9,18.3,5.8,51.8,0.7,1.5,2.2,SEC,2018
Washington State,13,37.8,38.8,54.6,71.1,437.2,3.8,16.2,68.1,4.2,0.9,70.8,505.2,7.1,19.8,4.2,1.8,25.8,5.8,56,0.7,1.2,1.9,PAC-12,2019
Oregon,14,35.4,21.3,31.8,67,258.2,2.5,36.1,177.3,4.9,1.9,67.9,435.5,6.4,12.1,8.9,1.9,22.9,6.1,61.6,0.4,0.4,0.8,PAC-12,2019
USC,13,32.5,28.1,39.5,71,335.8,2.7,30.1,118.2,3.9,1.4,69.6,454,6.5,14.1,7.1,2,23.2,6.9,69.3,0.8,1.2,2,PAC-12,2019
Utah,14,32.3,16.6,22.9,72.6,227.6,1.4,42.2,201.4,4.8,2.4,65.1,429,6.6,8.9,10.5,2.1,21.5,6.7,55.4,0.6,0.3,0.9,PAC-12,2019
Washington,13,32,20.2,31.6,64,243.4,1.8,35.2,149.5,4.2,1.8,66.8,392.9,5.9,10.7,8.4,1.2,20.3,6.1,49.2,0.5,0.6,1.1,PAC-12,2019
Oregon State,12,31.2,21.7,35,61.9,255.1,2.5,34,157,4.6,1.8,69,412.1,6,11.7,9.3,1.4,22.3,6.5,58.5,0.2,0.3,0.5,PAC-12,2019
Arizona,12,26.9,21.8,35.2,61.8,266.1,1.9,37.5,174.1,4.6,1.6,72.7,440.2,6.1,11.8,9.3,1.7,22.8,6.3,56.4,0.5,1,1.5,PAC-12,2019
UCLA,12,26.7,21.7,35.5,61,255.5,1.8,40.8,150.2,3.7,1.5,76.3,405.7,5.3,11.4,9.3,1.8,22.4,6.8,55.3,0.8,1,1.8,PAC-12,2019
Arizona State,13,24.8,17.9,29.5,60.8,248.8,1.6,35.3,123.2,3.5,1,64.8,372.1,5.7,9.6,6.8,1.5,17.9,6.5,62.9,0.8,0.3,1.1,PAC-12,2019
Colorado,12,23.5,21.4,34.3,62.5,238.2,1.5,36.3,150.3,4.1,1.2,70.6,388.5,5.5,10.6,9.1,1.8,21.4,7.1,60.5,0.3,0.9,1.2,PAC-12,2019
Stanford,12,21.7,23,37,62.2,262.4,1.5,28.8,105.7,3.7,0.7,65.8,368.1,5.6,10.9,6.8,2,19.7,6.3,48.8,0.4,0.7,1.1,PAC-12,2019
California,13,21.2,15.7,28.1,55.9,197,1.5,36.5,132,3.6,1.2,64.5,329,5.1,8,8.1,2.7,18.8,4.7,41.8,0.3,0.7,1,PAC-12,2019
Clemson,15,43.9,21.7,33.9,64,288.3,2.7,37.7,240.5,6.4,3,71.6,528.9,7.4,12.7,11.1,2.5,26.2,5.7,45.6,0.3,0.7,1,ACC,2019
Louisville,13,33.1,13.6,23.2,58.8,234.2,2.5,43.7,213.8,4.9,1.8,66.8,448,6.7,8.8,10,1.5,20.2,7.2,60,0.8,0.7,1.5,ACC,2019
North Carolina,13,33.1,20.4,33.2,61.5,285.8,3,40.6,188.2,4.6,0.9,73.8,474,6.4,12.8,10.1,1.3,24.2,6.2,53.9,0.4,0.5,0.9,ACC,2019
Virginia,14,32.1,24,37.1,64.7,267.1,1.6,31.6,121.2,3.8,2,68.6,388.4,5.7,12.8,6.4,2,21.1,4.7,43.7,0.4,1.1,1.5,ACC,2019
Wake Forest,13,31.8,21.7,36.1,60.1,288.3,2.4,45.1,175.7,3.9,1.4,81.2,464,5.7,12.6,9.3,1.7,23.6,4.4,35.4,0.3,1,1.3,ACC,2019
Virginia Tech,13,30.8,14.2,24.5,58.2,209.1,1.7,43.5,176.1,4.1,1.6,67.9,385.2,5.7,8.3,9.6,2,19.9,5.3,46.6,1.2,0.6,1.8,ACC,2019
Boston College,13,29,12.4,23.5,52.8,176,1.5,50.2,254.2,5.1,2.1,73.6,430.2,5.8,7.2,13.2,0.8,21.2,5,37,0.5,0.5,1,ACC,2019
Syracuse,12,28.3,20.8,34,61.3,240.6,1.9,41.8,154,3.7,1.3,75.8,394.6,5.2,9.8,8.2,2,19.9,8.9,73.9,0.8,0.6,1.3,ACC,2019
Florida State,13,27.9,21.5,33.2,64.6,267.6,1.8,36.7,140.7,3.8,1.8,69.9,408.3,5.8,10.6,8.1,1.9,20.4,9.2,73.3,0.6,1,1.6,ACC,2019
Miami (FL),13,25.7,19.6,33.5,58.5,249.2,2.1,31.2,118.2,3.8,1.2,64.8,367.4,5.7,11.2,6.2,2.1,19.5,7,60.7,0.5,0.8,1.3,ACC,2019
Duke,12,25.3,17.8,31.5,56.3,179.3,1.5,41.3,150.3,3.6,1.3,72.8,329.7,4.5,8.5,8.4,1.7,18.7,5.3,45.3,1.2,1.2,2.3,ACC,2019
North Carolina State,12,22.1,20.3,38.6,52.7,229.1,1.2,34.7,151.4,4.4,1.2,73.3,380.5,5.2,10.3,9.3,2.2,21.7,5.9,52.3,0.9,0.8,1.8,ACC,2019
Pitt,13,21.2,24.3,39.5,61.6,261.7,1.3,33.7,119.2,3.5,0.8,73.2,380.9,5.2,11.7,6.9,2.1,20.7,7.8,68.3,0.9,0.8,1.7,ACC,2019
Georgia Tech,12,16.7,10.3,22.4,46.1,133.9,1.2,37.3,152.6,4.1,1,59.7,286.5,4.8,5.3,8.3,1.6,15.1,4.8,41.1,0.8,0.8,1.7,ACC,2019
Oklahoma,14,42.1,18.7,27.2,68.8,297.4,2.6,40.3,240.4,6,2.7,67.5,537.8,8,12.3,11.6,1.1,24.9,7.2,74.8,0.7,0.6,1.4,BIG-12,2019
Texas,13,35.2,23.5,36.2,65.1,289.3,2.5,36.8,177.2,4.8,1.9,72.9,466.5,6.4,13.1,10,1.9,25,7.3,68.5,0.3,0.8,1.1,BIG-12,2019
Baylor,14,33.6,19.8,31.7,62.4,255.1,1.7,36,166.4,4.6,2.5,67.7,421.5,6.2,10.8,9.2,2.3,22,6.5,55.6,0.8,0.6,1.4,BIG-12,2019
Oklahoma State,13,32.5,17.8,27.8,64.1,224.3,1.8,43.2,229.6,5.3,2.1,71.1,453.9,6.4,8.5,11,2.5,22,5.2,47.1,0.6,0.9,1.5,BIG-12,2019
Iowa State,13,32.2,24.2,37.2,65.2,311.3,2.2,31.6,133.3,4.2,1.7,68.8,444.6,6.5,14.5,6.7,1.8,22.9,4.7,38.2,0.5,0.7,1.2,BIG-12,2019
Texas Tech,12,30.5,28.5,44.3,64.4,324.7,2,33.7,149.6,4.4,1.7,77.9,474.3,6.1,14.6,8.3,2,24.8,6.3,57.9,0.6,0.7,1.3,BIG-12,2019
TCU,12,30.3,17.6,32.9,53.4,203.7,1.3,42.5,204,4.8,1.9,75.4,407.7,5.4,8.9,10.6,1.9,21.4,6.5,61.3,0.8,0.9,1.7,BIG-12,2019
Kansas State,13,29.6,13.9,23.3,59.7,180.9,0.9,41,179.5,4.4,2.2,64.3,360.5,5.6,8.9,9,1.6,19.5,5.9,52.2,0.7,0.4,1.1,BIG-12,2019
Kansas,12,23.5,19.6,32.4,60.4,231.5,2.1,31.6,146.3,4.6,0.8,64,377.8,5.9,9.7,7.7,1.3,18.7,5.5,50.1,0.5,1.2,1.7,BIG-12,2019
West Virginia,12,20.6,24.1,37.8,63.7,248.7,1.8,27.8,73.4,2.6,0.6,65.6,322.1,4.9,10.8,5.2,1.8,17.7,5.9,48.9,0.4,1.3,1.7,BIG-12,2019
Ohio State,14,46.9,19.4,28.9,66.9,263.1,3.4,47.1,267.3,5.7,2.8,76.1,530.4,7,12.3,13.7,2.4,28.4,5.8,55,0.9,0.2,1.1,BIG-TEN,2019
Penn State,13,35.8,16.7,28.4,58.8,221.3,1.9,39.3,192,4.9,2.6,67.7,413.3,6.1,10.3,9.7,1.4,21.2,4.4,45.3,0.4,0.7,1.1,BIG-TEN,2019
Minnesota,13,34.1,16.3,24.8,65.6,253.3,2.4,43.1,178.7,4.1,1.9,67.9,432,6.4,10.9,10.4,1.3,22.6,4.3,38.6,0.5,0.6,1.2,BIG-TEN,2019
Wisconsin,14,34.1,17.6,25.1,70.1,200.1,1.3,43.3,233.7,5.4,2.7,68.4,433.9,6.3,9.6,12.4,0.9,22.9,4.9,45.4,1.2,0.4,1.6,BIG-TEN,2019
Indiana,13,31.8,24.7,36.4,67.9,302.4,1.8,35.7,130.8,3.7,1.8,72.1,433.2,6,13.1,8.2,2.2,23.4,6.8,63.8,0.5,0.7,1.2,BIG-TEN,2019
Michigan,13,31.7,17.5,31.5,55.6,250.8,1.9,37.8,151.2,4,2,69.3,402.1,5.8,11.1,8.3,2.8,22,6.2,49.9,0.8,0.7,1.5,BIG-TEN,2019
Nebraska,12,28,16.2,26.9,60.1,212.6,1,45,204.5,4.5,2.3,71.9,417.1,5.8,8.9,10.3,1.7,20.8,5.1,43.2,1,0.8,1.8,BIG-TEN,2019
Illinois,13,26.7,15.2,28.1,54.2,185.3,1.5,37.6,144.4,3.8,1.5,65.7,329.7,5,8.5,7.5,1.4,17.4,6.7,61.3,0.7,0.7,1.4,BIG-TEN,2019
Iowa,13,25.8,18.7,31.6,59.1,228.9,1.2,34.8,137.6,3.9,1.3,66.5,366.5,5.5,10.5,7.6,1.2,19.1,4.3,32.4,0.4,0.5,0.9,BIG-TEN,2019
Purdue,12,25.8,26.7,43.3,61.5,309.9,2.4,28.4,83.5,2.9,0.8,71.8,393.4,5.5,13.7,5.1,1.8,20.6,4.6,37.7,0.7,1.3,1.9,BIG-TEN,2019
Maryland,12,25.3,14.3,28.5,50.3,174,1.3,35.4,169.4,4.8,1.9,63.9,343.4,5.4,7.3,7.7,1.8,16.8,5.8,48.8,0.8,1,1.8,BIG-TEN,2019
Michigan State,13,22.4,20.8,35.7,58.2,244.8,1.3,35.6,128.2,3.6,0.9,71.3,372.9,5.2,11.4,7.6,2.1,21.1,5.8,53.8,0.7,1.2,1.8,BIG-TEN,2019
Northwestern,12,16.3,13,26,50,117,0.5,44.1,180.2,4.1,1.4,70.1,297.2,4.2,6.3,9.2,2.2,17.7,5.4,48.5,0.8,1.3,2,BIG-TEN,2019
Rutgers,12,13.3,12.8,23.2,55.4,139.3,0.6,37.8,134.3,3.6,0.9,61,273.7,4.5,5.7,6.5,1.2,13.3,6.3,59.1,0.7,1.3,1.9,BIG-TEN,2019
LSU,15,48.4,28.4,37.8,75.1,401.6,4.1,33.9,167.3,4.9,2.1,71.7,568.9,7.9,16.3,10.1,1.6,27.9,6.2,62.4,0.3,0.5,0.8,SEC,2019
Alabama,13,47.2,22.1,31.2,70.7,342.2,3.8,33.5,168.7,5,2.1,64.7,510.9,7.9,13,9.7,1.8,24.5,7.3,65.8,0.3,0.5,0.8,SEC,2019
Auburn,13,33.2,17.6,30.5,57.8,207.5,1.5,42.1,199.4,4.7,2.4,72.5,406.8,5.6,9.5,10.4,1.6,21.5,7.1,55.2,0.8,0.5,1.3,SEC,2019
Florida,13,33.2,24.4,35.9,67.9,300.8,2.5,30.4,130,4.3,1.6,66.3,430.8,6.5,13.5,6.8,2.5,22.9,5.2,47.5,0.6,0.8,1.4,SEC,2019
Georgia,14,30.8,18.2,29.6,61.4,223,1.9,37.1,185.9,5,1.5,66.8,408.9,6.1,10.3,9.1,1.7,21.1,5.4,49.1,0.5,0.4,0.9,SEC,2019
Texas A&M,13,29.5,21,34.8,60.4,235.4,1.7,32.5,159.8,4.9,1.8,67.3,395.2,5.9,11.7,8.8,1.6,22.1,6.7,55.4,0.8,0.8,1.5,SEC,2019
Mississippi State,13,27.6,14.3,24.2,59,179.5,1.5,40.7,220.7,5.4,2.1,64.9,400.2,6.2,8.6,11.2,1.8,21.5,5.5,44.5,1,0.8,1.8,SEC,2019
Kentucky,13,27.2,9.8,19.8,49.8,113.7,0.7,43.9,279.1,6.4,2.8,63.7,392.8,6.2,5.1,12.7,1.6,19.4,5.8,50.8,0.9,0.6,1.5,SEC,2019
Ole Miss,12,26.6,15.5,27.5,56.4,194,0.9,46.5,251.3,5.4,2.4,74,445.3,6,9.3,11.8,1.9,22.8,4.9,48.8,0.8,0.5,1.3,SEC,2019
Missouri,12,25.3,18.8,31.3,60.1,222.6,1.4,39.7,151.7,3.8,1.2,71,374.3,5.3,9.1,9.2,2.2,20.4,6.9,67.3,0.5,0.7,1.2,SEC,2019
Tennessee,13,24.2,15.4,27.7,55.6,221.4,1.5,35.4,144.3,4.1,1,63.1,365.7,5.8,9.5,7.1,2,18.5,6.4,52.5,0.5,1,1.5,SEC,2019
South Carolina,12,22.4,22.3,38.8,57.5,222.3,1,33,149.7,4.5,1.5,71.8,371.9,5.2,10.7,7.1,1.6,19.3,6.6,54.7,0.6,0.6,1.2,SEC,2019
Arkansas,12,21.4,16.8,33.9,49.6,192.9,1.2,31.3,147.3,4.7,1.2,65.2,340.2,5.2,9.3,6.7,2.3,18.3,5.1,41,0.5,1.3,1.8,SEC,2019
Vanderbilt,12,16.5,16.8,31.8,53,172,0.8,29.9,126.8,4.2,0.9,61.7,298.8,4.8,6.8,7.1,2,15.8,6.3,54.1,0.3,0.8,1.1,SEC,2019
Arizona State,4,40.3,12.8,21.8,58.6,194.3,1.3,41.3,264.3,6.4,4,63,458.5,7.3,7.5,10.8,2,20.3,7,54.5,1,0.3,1.3,PAC-12,2020
UCLA,7,35.4,18.6,28.6,65,224.4,2.6,45.4,231.3,5.1,1.9,74,455.7,6.2,9.7,12.9,2,24.6,6.9,53.4,1,0.9,1.9,PAC-12,2020
USC,6,33.3,29.7,44.2,67.2,319.3,2.8,30.7,97.3,3.2,1.3,74.8,416.7,5.6,14.7,6.2,1.7,22.5,6.7,71,0.7,1.2,1.8,PAC-12,2020
Oregon,7,31.3,17.3,27.3,63.4,246.1,2.1,33.9,166.7,4.9,1.9,61.1,412.9,6.8,10.9,9.1,1.6,21.6,5.9,50.9,1.4,0.9,2.3,PAC-12,2020
Washington,4,30.3,17,27.8,61.3,226.5,1,39,176.3,4.5,2.8,66.8,402.8,6,10,10.3,1.5,21.8,5.3,40.5,0,0.8,0.8,PAC-12,2020
Utah,5,30.2,19,31.2,60.9,215.8,1.2,38.2,194,5.1,1.8,69.4,409.8,5.9,9.8,9.6,1,20.4,5.2,47.6,1.2,1.4,2.6,PAC-12,2020
Stanford,6,29.3,24.2,37,65.3,287.3,1.2,32.8,133.2,4.1,2.5,69.8,420.5,6,13.7,6.3,1.8,21.8,5.7,51.7,0.3,0.5,0.8,PAC-12,2020
Oregon State,7,28.9,19.1,33.3,57.5,211.3,1.6,36.9,197.6,5.4,2.1,70.1,408.9,5.8,10.7,10,1.4,22.1,6,50.6,0.4,0.7,1.1,PAC-12,2020
Colorado,6,28.5,16.3,29.7,55.1,201.5,1,46,212.3,4.6,2.5,75.7,413.8,5.5,8.8,9.2,2,20,5.7,56.3,0.7,1.2,1.8,PAC-12,2020
Washington State,4,27,23.5,38,61.8,254.8,1.5,27.5,129.3,4.7,2,65.5,384,5.9,11.8,6,1.8,19.5,5.3,46.8,1,1,2,PAC-12,2020
California,4,20.3,21.3,34.5,61.6,192.8,1.5,37,125.3,3.4,1,71.5,318,4.4,9.3,6,3,18.3,4.3,33.8,0.5,0.8,1.3,PAC-12,2020
Arizona,5,17.4,22.8,37.8,60.3,213,1.2,36.8,156.4,4.3,0.8,74.6,369.4,5,8.8,10,2.4,21.2,6.8,58.8,1,1.4,2.4,PAC-12,2020
Clemson,12,43.5,27.2,40.8,66.5,348.5,2.6,34.3,153.8,4.5,2.8,75.1,502.3,6.7,14.6,8.3,1.7,24.6,5.4,48.2,0.8,0.5,1.3,ACC,2020
North Carolina,12,41.7,20.3,29.8,68.3,301.4,2.6,41,235.8,5.8,2.9,70.8,537.3,7.6,12.5,11.9,2,26.4,7.1,67.8,0.4,0.7,1.1,ACC,2020
Wake Forest,9,36,19.4,34.4,56.5,281.4,1.6,42.2,163.1,3.9,2.4,76.7,444.6,5.8,12.1,9.1,2.1,23.3,5.3,44.6,0.2,0.6,0.8,ACC,2020
Miami (FL),11,34,21.7,34.6,62.7,277.3,2.4,38.1,163,4.3,1.6,72.7,440.3,6.1,11.5,9,2.5,22.9,7.8,70.5,0.5,0.5,1.1,ACC,2020
Notre Dame,12,33.4,19.3,30.2,63.8,237.4,1.3,42.1,211.1,5,2.8,72.3,448.5,6.2,10.8,10.8,2.5,24.2,4.4,38,0.7,0.3,0.9,ACC,2020
Virginia Tech,11,31.1,14.4,23.2,62,200.6,1.2,43,240.1,5.6,2.5,66.2,440.7,6.7,8.5,12.2,1.7,22.4,5.3,47,0.7,0.5,1.3,ACC,2020
Virginia,10,30.7,22.1,37.9,58.3,260.6,2.2,36.6,162.7,4.4,1.6,74.5,423.3,5.7,11.6,9.5,2.5,23.6,5.2,45.8,0.5,1.4,1.9,ACC,2020
North Carolina State,12,30.3,21,33.4,62.8,262.8,2,35.9,123.3,3.4,1.7,69.3,386.2,5.6,12.2,7.5,2.6,22.3,8,74.3,0.3,1.3,1.6,ACC,2020
Louisville,11,29.5,18.4,28.5,64.3,244.2,1.8,38.2,200,5.2,1.9,66.7,444.2,6.7,10.3,10.3,2,20.8,6.2,52,1.1,1.1,2.2,ACC,2020
Pitt,11,29,22.3,38.6,57.6,259.7,1.3,35.3,120.1,3.4,1.8,73.9,379.8,5.1,11.3,6.6,2.7,20.6,8,70.4,0.4,1.1,1.5,ACC,2020
Boston College,11,27.8,22,35.5,62.1,284.2,2.1,32.8,101.7,3.1,1,68.3,385.9,5.7,12.1,7.5,2.2,21.8,7.5,65.9,0.5,0.7,1.3,ACC,2020
Florida State,9,25.8,17.7,32.4,54.5,196.8,1.1,38.8,202,5.2,2.1,71.2,398.8,5.6,8.6,11.8,2.2,20.6,8.9,77.8,0.4,1.4,1.9,ACC,2020
Duke,11,24.8,20,35.5,56.3,222.6,1,39.8,157.1,3.9,1.7,75.4,379.7,5,10.8,8.5,2.4,21.6,5.6,50.4,1.8,1.7,3.5,ACC,2020
Georgia Tech,10,23.9,15.2,28.3,53.7,199.1,1.4,40.8,190.8,4.7,1.8,69.1,389.9,5.6,8.5,9.9,1.5,19.9,8.9,74.9,1.2,1.3,2.5,ACC,2020
Syracuse,11,17.8,15.7,30.5,51.5,173.3,1.4,29.1,92,3.2,0.5,59.6,265.3,4.4,7.3,4.8,1.1,13.2,7.1,67.3,0.8,1.1,1.9,ACC,2020
Oklahoma,11,43,22.6,32.9,68.8,315,2.7,38.1,179.7,4.7,2.5,71,494.7,7,14.2,8.7,2,24.9,7.2,65.7,0.5,0.7,1.3,BIG-12,2020
Texas,10,42.7,20.8,34.5,60.3,280.1,3.2,37,195.3,5.3,2,71.5,475.4,6.6,11.3,9,2.1,22.4,8.2,78.5,0.4,0.5,0.9,BIG-12,2020
Iowa State,12,32.9,20.8,31.1,66.8,241.3,1.7,37.9,195,5.1,2.6,69,436.3,6.3,11.3,10.1,1.6,22.9,5.1,42.6,0.4,0.8,1.2,BIG-12,2020
TCU,10,30.8,16.4,27.3,60.1,196.3,1.1,41.1,216.1,5.3,2.3,68.4,412.4,6,7.5,10.2,1.9,19.6,7.7,63.3,0.9,0.5,1.4,BIG-12,2020
Oklahoma State,11,30.2,18.8,31,60.7,239.5,1.6,46,188,4.1,1.5,77,427.5,5.6,10.5,10.4,2.7,23.6,6.6,53.9,0.5,0.9,1.5,BIG-12,2020
Texas Tech,10,29.1,25.9,39.8,65.1,266.7,1.8,33.6,163.4,4.9,1.7,73.4,430.1,5.9,11.8,8.2,1.4,21.4,6.7,57.7,0.8,1.1,1.9,BIG-12,2020
Kansas State,10,26.6,13.7,24.7,55.5,185.7,1.2,35.3,151.9,4.3,1.7,60,337.6,5.6,6.7,7.2,1.6,15.5,6.4,54.9,0.5,1,1.5,BIG-12,2020
West Virginia,10,26.5,25.3,40.1,63.1,277.5,1.6,35.8,135.1,3.8,1.5,75.9,412.6,5.4,12.5,7.4,2,21.9,8.2,74.1,0.7,0.4,1.1,BIG-12,2020
Baylor,9,23.3,22.8,36.8,61.9,219.9,1.6,33.1,90.3,2.7,0.9,69.9,310.2,4.4,9.6,6.7,2.1,18.3,7.2,62.4,0.1,0.9,1,BIG-12,2020
Kansas,9,15.8,17.2,31.4,54.8,154.3,0.8,39.3,104.9,2.7,1,70.8,259.2,3.7,7.4,6.6,1.9,15.9,5.7,46.4,0.4,1.1,1.6,BIG-12,2020
Ohio State,8,41,19.8,28.1,70.2,262.5,2.8,43.1,256.9,6,2.4,71.3,519.4,7.3,11.4,11,2.5,24.9,6.1,54.4,0.4,0.8,1.1,BIG-TEN,2020
Iowa,8,31.8,17.6,31,56.9,197.6,1.1,37,171,4.6,2.3,68,368.6,5.4,10.3,8.5,1.1,19.9,4.8,39.6,0.5,0.6,1.1,BIG-TEN,2020
Penn State,9,29.8,20.6,34.1,60.3,256,1.9,44.7,174.3,3.9,1.7,78.8,430.3,5.5,12.1,11,1.7,24.8,4.3,37.2,0.9,1,1.9,BIG-TEN,2020
Indiana,8,28.9,21,36.5,57.5,250.9,2,34,111.8,3.3,1.5,70.5,362.6,5.1,10.8,7,2.5,20.3,4.3,44.8,0.9,0.6,1.5,BIG-TEN,2020
Michigan,6,28.3,20.5,35.5,57.7,250.3,1.5,28.7,131,4.6,2,64.2,381.3,5.9,11.8,6,1.5,19.3,5.8,57.5,0.3,0.7,1,BIG-TEN,2020
Minnesota,7,27.3,15.3,26.3,58.2,199.1,1,42.6,191.9,4.5,2.7,68.9,391,5.7,9.4,10.1,2,21.6,4.6,41.9,0.3,0.7,1,BIG-TEN,2020
Purdue,6,27.2,29.3,43.5,67.4,309,2.5,24.5,82.2,3.4,0.7,68,391.2,5.8,14.5,6,2.3,22.8,7,59.8,0.5,0.7,1.2,BIG-TEN,2020
Rutgers,9,26.7,22,35.1,62.7,198.8,1.6,37.6,142.4,3.8,1.4,72.7,341.2,4.7,9.2,7.8,2,19,7.4,60.6,0.6,1,1.6,BIG-TEN,2020
Wisconsin,7,25.1,17.7,28.9,61.4,181,1.4,41.9,164.6,3.9,1.9,70.7,345.6,4.9,8,10,1.6,19.6,5.1,42.3,0.7,1,1.7,BIG-TEN,2020
Northwestern,9,24.7,19.3,31.6,61.3,197.9,1.3,43.7,163,3.7,1.8,75.2,360.9,4.8,10.8,7.9,1.7,20.3,5,40.4,0.8,0.9,1.7,BIG-TEN,2020
Maryland,5,23.6,19.6,31.8,61.6,264,1.8,30.2,145,4.8,1,62,409,6.6,10.6,7.2,0.6,18.4,8.8,79.6,0.4,1.8,2.2,BIG-TEN,2020
Nebraska,8,23.1,19.5,28.6,68.1,190.1,0.6,41.8,201.4,4.8,1.9,70.4,391.5,5.6,8.5,11.4,1.5,21.4,6.8,60.6,1.1,1.1,2.3,BIG-TEN,2020
Illinois,8,20.1,11.4,24.3,46.9,152.9,1.3,40.8,196.1,4.8,1.1,65,349,5.4,6.6,9.6,1.6,17.9,4.9,50.8,0.6,0.5,1.1,BIG-TEN,2020
Michigan State,7,18,18.9,34.6,54.5,238.9,1.6,34,91.7,2.7,0.3,68.6,330.6,4.8,10.3,4.1,1.7,16.1,6.9,63,1.1,1.7,2.9,BIG-TEN,2020
Alabama,13,48.5,24.9,32.7,76.2,358.2,3.2,36.6,183.6,5,2.8,69.3,541.8,7.8,16.2,10.2,1.8,28.1,6,48.1,0.6,0.3,0.9,SEC,2020
Florida,12,39.8,26.8,39.4,67.9,378.6,3.8,30.6,131.3,4.3,1,70,509.8,7.3,16.8,7.3,2.3,26.3,5.3,45.2,0.8,0.8,1.6,SEC,2020
Ole Miss,10,39.2,23.8,33.5,71,344.9,3,46.2,211,4.6,2.3,79.7,555.9,7,13.7,12.2,1.7,27.6,6,51.6,0.4,1.4,1.8,SEC,2020
Texas A&M,10,32.6,19,30.2,62.9,234.1,2,37.5,205.2,5.5,2.1,67.7,439.3,6.5,10.6,11.3,1.6,23.4,6.2,57.9,0.4,0.4,0.8,SEC,2020
Georgia,10,32.3,17.8,30.6,58.2,249.9,1.9,37.7,174.2,4.6,1.8,68.3,424.1,6.2,10,9.8,1.1,20.9,5.5,52.8,0.4,1.1,1.5,SEC,2020
LSU,10,32,24.7,42.1,58.7,312.2,2.4,36.5,121.7,3.3,0.9,78.6,433.9,5.5,14.5,7.7,1.2,23.4,6.1,46.2,0.4,0.9,1.3,SEC,2020
Missouri,10,26.7,24.6,36.3,67.8,266.8,0.9,35.1,135.2,3.9,2.1,71.4,402,5.6,13,7.5,1.8,22.3,5.8,49.8,0.8,0.6,1.4,SEC,2020
Arkansas,10,25.7,18.3,28.4,64.4,240.2,2,39.4,151.3,3.8,1.1,67.8,391.5,5.8,10,8.8,1.9,20.7,6.4,45.7,0.7,0.6,1.3,SEC,2020
Auburn,11,25.1,19.6,32.9,59.7,220.3,1.1,35.6,162.5,4.6,1.5,68.5,382.8,5.6,9.5,10,1.2,20.6,5.8,49.8,0.2,0.6,0.8,SEC,2020
South Carolina,10,23.5,17.5,29.5,59.3,187.2,0.8,36.9,167.9,4.6,2.1,66.4,355.1,5.3,9.4,8.4,1.7,19.5,5,43.7,0.6,0.9,1.5,SEC,2020
Kentucky,11,21.8,13.2,22.1,59.7,121.5,0.6,39.4,196.8,5,1.7,61.5,318.3,5.2,5.8,10,1.5,17.4,5.7,55.9,0.6,0.5,1.1,SEC,2020
Tennessee,10,21.5,17.9,28.5,62.8,204.7,1.4,37.5,141.5,3.8,1.2,66,346.2,5.2,9.4,8.9,1.9,20.2,6.1,50.2,0.6,0.9,1.5,SEC,2020
Mississippi State,11,21.4,33.9,50.6,67,296.3,1.5,18.5,43.9,2.4,0.7,69.2,340.2,4.9,13.6,3.7,1.5,18.8,6.5,60.1,0.7,1.6,2.4,SEC,2020
Vanderbilt,9,14.8,21.3,33.4,63.8,219.9,1.4,36.6,110.1,3,0.4,70,330,4.7,10.7,7.6,2,20.2,4.7,38.1,0.7,1.2,1.9,SEC,2020
UCLA,12,36.5,17.3,27.8,62,226.2,1.9,42.2,220.1,5.2,2.6,70,446.3,6.4,9.8,12.2,1.6,23.5,7.2,68.3,0.4,0.7,1.1,PAC-12,2021
Utah,14,36.1,18.1,28.6,63.3,214.3,1.7,38.7,217.1,5.6,2.6,67.4,431.4,6.4,10.5,11.1,2.6,24.2,4.8,44.5,0.5,0.6,1.1,PAC-12,2021
Oregon,14,31.4,18.5,29.3,63.2,221.3,1.5,38.2,202.4,5.3,2.5,67.5,423.6,6.3,9.6,11.6,1.6,22.9,7.4,64.6,0.4,0.6,1,PAC-12,2021
Oregon State,13,31.2,16.8,26.7,62.8,216.9,1.5,40.1,214.3,5.3,2.5,66.8,431.2,6.5,9,12.7,1.5,23.2,6.8,63.1,0.5,0.9,1.4,PAC-12,2021
USC,12,28.7,26.5,41.7,63.6,298.3,1.8,33.3,145.9,4.4,1.3,74.9,444.3,5.9,13.8,9.4,2.5,25.8,8,75,0.6,1.1,1.7,PAC-12,2021
Arizona State,13,28.4,15.8,24.1,65.8,194.7,0.9,37.3,194.9,5.2,2.6,61.4,389.6,6.3,8.2,10.8,1.1,20,8.7,78.1,0.9,0.8,1.7,PAC-12,2021
Washington State,13,27.8,21.6,34.8,62.2,257.3,2,30.8,121.8,4,1.5,65.6,379.2,5.8,11.1,7.5,1.5,20.2,5.3,46.2,0.4,1,1.4,PAC-12,2021
California,12,23.8,19.6,31.8,61.7,221.6,1.3,33.3,164.4,4.9,1.4,65.1,386,5.9,9.3,8.4,1.3,19,6.3,58.7,0.2,0.7,0.8,PAC-12,2021
Washington,12,21.5,20.3,34.1,59.4,225,1.3,30.7,100.6,3.3,1.3,64.8,325.6,5,9.6,6.6,1.8,17.9,4.3,39.9,0.6,1.3,1.9,PAC-12,2021
Stanford,12,20.4,19.9,31,64.2,215.2,1.3,27.1,87.3,3.2,1.1,58.1,302.4,5.2,9.8,4.8,2.3,16.8,6.2,43.3,0.6,1,1.6,PAC-12,2021
Colorado,12,18.8,12.8,22.4,57.2,131.3,0.8,36.5,126.2,3.5,1,58.9,257.4,4.4,5.2,7.6,1.7,14.4,6.3,56.4,0.3,0.3,0.6,PAC-12,2021
Arizona,12,17.2,22.3,36.9,60.5,226.3,1,35.2,131,3.7,0.5,72.1,357.3,5,9.9,8.1,2.7,20.7,8.8,70.4,0.4,1.5,1.9,PAC-12,2021
Pitt,14,41.4,26.2,38.8,67.6,337.4,3.1,37.3,152,4.1,1.9,76.1,489.4,6.4,14.9,9.1,1.9,25.9,6.7,63.9,0.5,0.6,1.1,ACC,2021
Wake Forest,14,41,21.6,37.1,58.2,307.4,2.8,40.4,160.6,4,2.2,77.4,467.9,6,13.8,8.3,3.2,25.3,5.8,52.7,0.4,1.1,1.4,ACC,2021
North Carolina,13,35.2,18.2,29.2,62.4,255.7,2,39.5,212.7,5.4,2.3,68.7,468.4,6.8,10.1,11.6,2.2,23.9,7.3,69.2,0.4,0.7,1.1,ACC,2021
Virginia,12,34.6,29.2,46.1,63.3,392.6,2.6,28.2,123.3,4.4,1.8,74.3,515.9,6.9,17.8,6.9,1.9,26.6,6.4,56.8,0.5,1,1.5,ACC,2021
Miami (FL),12,34.1,24.6,38.7,63.6,321.2,2.5,34.3,128.8,3.8,1.7,72.9,449.9,6.2,13.1,7.9,3.5,24.5,7.3,63.6,0.6,0.8,1.4,ACC,2021
North Carolina State,12,33.1,24,36.9,65,288.4,2.9,30.9,126.6,4.1,0.9,67.8,415,6.1,12.9,6.6,1.9,21.4,7.4,64.5,0.3,0.5,0.8,ACC,2021
Louisville,13,31.6,17,27.9,60.9,236.5,1.6,38.8,210.2,5.4,2.2,66.7,446.7,6.7,10.3,9.2,1.5,21.1,6.2,55.3,0.5,0.5,1,ACC,2021
Florida State,12,27.6,17.4,28.3,61.5,201.6,1.7,37.2,177.8,4.8,1.8,65.5,379.4,5.8,9.2,9.1,2.5,20.7,6.9,62.5,0.8,1,1.8,ACC,2021
Clemson,13,26.3,17.5,31.8,55.2,191.2,0.9,37.2,169.6,4.6,2,69,360.8,5.2,9,8.8,2,19.8,6.1,50.5,0.6,0.8,1.5,ACC,2021
Syracuse,12,24.9,13,23.9,54.4,153,0.8,40.8,214.3,5.3,2.3,64.7,367.3,5.7,6.8,11.1,1.8,19.6,7,57.7,0.5,0.5,1,ACC,2021
Boston College,12,24.7,14.1,25.3,55.6,184.8,1.1,39.2,166.9,4.3,1.8,64.5,351.7,5.5,7.3,10.1,1.9,19.3,5.3,49.3,0.5,0.9,1.4,ACC,2021
Georgia Tech,12,24,17.1,28.5,59.9,197.9,1.5,36.9,169.3,4.6,1.3,65.4,367.2,5.6,8.7,8.5,1.8,18.8,6.1,51.2,0.4,0.8,1.3,ACC,2021
Virginia Tech,13,23.7,13.3,24.3,54.7,176.4,1.3,40.9,185.3,4.5,1.2,65.2,361.7,5.5,7.7,9.5,1.5,18.8,5.4,45.9,0.5,0.4,0.9,ACC,2021
Duke,12,22.8,22.1,34.2,64.6,237.9,0.8,43.4,181.2,4.2,1.8,77.6,419.1,5.4,10.9,9.3,1.7,21.8,6.5,61.7,1,0.8,1.8,ACC,2021
Oklahoma,13,39.1,21.5,31,69.2,263.5,2.5,34.2,188,5.5,2.2,65.2,451.5,6.9,12.2,8.5,1.7,22.5,6.7,56.1,0.3,0.7,1,BIG-12,2021
Texas,12,35.3,18.1,28.8,62.7,225.4,2.4,37.8,199.4,5.3,2.1,66.7,424.8,6.4,9.5,9.8,1.1,20.3,5.8,48.3,0.6,0.8,1.4,BIG-12,2021
Baylor,14,31.6,16.9,26.1,64.9,203.1,1.7,40.1,220.4,5.5,2.1,66.2,423.5,6.4,8.6,11.1,1,20.7,5.4,48.4,0.6,0.5,1.1,BIG-12,2021
Iowa State,13,31.3,24.1,34.3,70.2,263.8,1.7,31.5,160.8,5.1,1.9,65.8,424.7,6.5,12.6,7.2,1.7,21.5,4.8,38.6,0.4,0.7,1.1,BIG-12,2021
Oklahoma State,14,31.1,19.6,32,61.2,231.9,1.6,44.2,185.9,4.2,1.9,76.2,417.7,5.5,11.2,10.1,2.5,23.8,6,55.8,0.6,0.9,1.5,BIG-12,2021
Texas Tech,13,30.3,18.9,29.9,63.2,257.2,1.4,33.5,159.2,4.8,2.3,63.4,416.5,6.6,10,8.2,1.4,19.6,5.2,44.6,0.7,0.8,1.5,BIG-12,2021
TCU,12,28.7,16.7,25.8,64.5,239.6,1.6,39.1,197,5,1.8,64.9,436.6,6.7,9.9,9.6,1.6,21.1,7.1,61.4,0.8,0.5,1.3,BIG-12,2021
Kansas State,13,27.5,15.7,23.9,65.6,199.2,1.1,33.5,162.5,4.9,2.2,57.4,361.7,6.3,8.3,8.6,1.1,18,5.4,45.5,0.5,0.5,1.1,BIG-12,2021
West Virginia,13,25.2,22.3,34.3,65,247.9,1.5,34.7,123.2,3.5,1.5,69,371.1,5.4,11.4,8.3,1.7,21.4,5.2,43.2,0.6,0.9,1.5,BIG-12,2021
Kansas,12,20.8,16.3,26.4,61.5,184.8,1.3,36.1,141.4,3.9,1.3,62.5,326.3,5.2,8.3,7.1,0.9,16.3,4.1,33.7,0.3,0.8,1.1,BIG-12,2021
Ohio State,13,45.7,26.8,38,70.6,380.9,3.5,32.3,180.8,5.6,1.8,70.3,561.7,8,16.5,9,1.2,26.8,6.5,59.2,0.2,0.6,0.8,BIG-TEN,2021
Michigan,14,35.8,17.7,28.2,62.8,228.7,1.5,41.1,214.4,5.2,2.8,69.3,443.1,6.4,8.6,11.7,1.5,21.9,4.9,41.5,0.4,0.6,1,BIG-TEN,2021
Michigan State,13,31.8,18.7,30.8,60.8,253.1,2.1,36.7,176.5,4.8,1.8,67.5,429.6,6.4,10.5,8.5,1.8,20.8,6.9,63.9,0.5,0.8,1.3,BIG-TEN,2021
Maryland,13,29.3,26.1,37.6,69.3,304.6,2.1,33.2,137.3,4.1,1.5,70.8,441.9,6.2,12.6,9.4,1.3,23.3,6.8,57.2,0.5,0.9,1.4,BIG-TEN,2021
Purdue,13,29.1,31.3,44.3,70.7,355.4,2.7,29.7,84.8,2.9,0.5,74,440.2,5.9,17.1,5.1,1.9,24,4.5,42.8,0.5,0.9,1.5,BIG-TEN,2021
Nebraska,12,27.9,17.9,28.5,62.9,266.4,1.2,40.8,181.2,4.4,2.6,69.3,447.6,6.5,11.2,9.1,1.4,21.7,5.3,45,0.6,0.9,1.5,BIG-TEN,2021
Minnesota,13,25.5,11.7,19.8,59.1,162,0.9,45.8,199.3,4.3,2.1,65.6,361.3,5.5,7.2,11.2,1.5,20,4.5,45.3,0.3,0.7,1,BIG-TEN,2021
Wisconsin,13,25.4,13.6,23.1,59,160.2,0.8,43.3,211.1,4.9,2,66.4,371.2,5.6,8,10.5,1.5,20.1,5.4,43.6,0.8,1,1.8,BIG-TEN,2021
Penn State,13,25,22.4,37.4,59.9,268.5,1.9,33.6,107.8,3.2,0.8,71,376.4,5.3,12.2,7,1.2,20.3,5.4,46.6,0.4,0.8,1.2,BIG-TEN,2021
Iowa,14,23.4,15.9,28.9,55,180.1,0.9,36.1,123.8,3.4,1.3,65,303.9,4.7,8.8,6.1,1.7,16.6,4.1,36.1,0.6,0.8,1.4,BIG-TEN,2021
Illinois,12,20.2,13.8,26.8,51.2,156.2,1.1,38.8,173.8,4.5,1,65.7,330,5,7.3,8.5,1.8,17.6,5,52.8,0.5,0.5,1,BIG-TEN,2021
Rutgers,13,19.7,17.8,30.3,58.6,172.2,0.7,38.4,138.6,3.6,1.5,68.7,310.8,4.5,6.9,9.3,1.2,17.5,5,40.7,0.3,0.8,1.1,BIG-TEN,2021
Indiana,12,17.3,16.6,32.5,51,175.5,0.8,35.3,116.3,3.3,1.1,67.8,291.8,4.3,8.1,7.3,1.9,17.3,4.7,41.3,0.6,1.3,1.8,BIG-TEN,2021
Northwestern,12,16.6,17.3,30.4,57,177.3,1.1,37.6,145.1,3.9,1,68,322.4,4.7,7.1,9.2,1.1,17.3,4.7,41.9,0.7,1.2,1.8,BIG-TEN,2021
Alabama,15,39.9,25.3,38.1,66.5,338.2,3.2,36.5,150.1,4.1,1.4,74.5,488.3,6.6,14.3,8.7,1.5,24.4,7.1,65.9,0.5,0.5,0.9,SEC,2021
Tennessee,13,39.3,18.7,28.9,64.6,257.1,2.5,44.3,218.2,4.9,2.3,73.2,475.3,6.5,9.6,12.5,2.2,24.3,6.8,60.6,0.8,0.2,1,SEC,2021
Georgia,15,38.6,17.6,27.1,64.9,251.9,2.6,36.1,191.2,5.3,1.9,63.2,443.1,7,10.9,10,1.8,22.7,5.1,43.2,0.3,0.8,1.1,SEC,2021
Ole Miss,13,33.7,22,33,66.7,274.8,1.6,45.2,218,4.8,2.5,78.2,492.8,6.3,12,12.5,1.6,26.1,9.1,75.6,0.3,0.5,0.8,SEC,2021
Kentucky,13,32.3,18.6,28.2,66.1,225.6,1.8,37.8,199.8,5.3,2.1,65.9,425.4,6.5,10.5,10.8,1.5,22.8,4.8,42.2,0.8,1,1.8,SEC,2021
Arkansas,13,30.9,15.8,24.2,65.3,213.9,1.7,44.7,229.4,5.1,2,68.8,443.3,6.4,8,12.5,1.4,21.8,8,63.5,0.4,0.4,0.8,SEC,2021
Florida,13,30.7,20.4,32,63.7,254.2,2,37.8,209.9,5.5,1.9,69.8,464.1,6.6,11.4,9.6,1.2,22.2,8.1,71,0.2,1.4,1.6,SEC,2021
Texas A&M,12,29.3,17.3,30.8,56.4,208.6,1.6,34.3,183.8,5.4,1.4,65.1,392.4,6,9.9,9.8,1.3,21,6.4,55.1,0.3,1.1,1.3,SEC,2021
Mississippi State,13,29.1,39.8,54.2,73.6,378.3,2.8,20.8,63.2,3,0.8,74.9,441.5,5.9,18.2,5.4,2.2,25.7,7.5,57.2,0.7,0.7,1.4,SEC,2021
Missouri,13,29.1,23.2,34.9,66.3,233.5,1.4,35.6,180.3,5.1,1.6,70.5,413.8,5.9,10.7,9.1,1.9,21.7,6.4,59.2,0.2,0.8,1,SEC,2021
Auburn,13,28.3,20.5,34.8,58.9,240.1,1.3,33.8,162.4,4.8,1.7,68.7,402.5,5.9,10.9,8.5,1.5,20.9,5.7,46.4,0.6,0.3,0.9,SEC,2021
LSU,13,26.5,20.2,34.1,59.1,254.5,2.5,34.2,114.5,3.4,0.7,68.2,368.9,5.4,10.8,7,1.6,19.4,4.3,34.3,0.4,0.8,1.2,SEC,2021
South Carolina,13,22.6,16.2,27.7,58.6,201.2,1.7,35.8,137.2,3.8,0.7,63.5,338.3,5.3,8.1,8,1.7,17.8,5.8,45.9,1,0.8,1.8,SEC,2021
Vanderbilt,12,15.8,18.8,34.1,55.3,189.3,1.1,35.3,123.5,3.5,0.7,69.3,312.8,4.5,8.7,7,1.9,17.6,5.5,44,0.4,1.2,1.6,SEC,2021
USC,14,41.4,24.6,36.8,67,335.4,3.1,33.8,171.1,5.1,2.1,70.6,506.6,7.2,13.9,9.9,1.9,25.6,6.3,58,0.1,0.4,0.5,PAC-12,2022
Washington,13,39.7,28.7,44.2,64.9,369.8,2.5,30.8,146,4.7,2.5,75,515.8,6.9,17.1,8.7,1.5,27.2,6.8,60.5,0.2,0.7,0.8,PAC-12,2022
UCLA,13,39.2,22.5,32.3,69.5,266.4,2.2,39.5,237.2,6,2.8,71.8,503.6,7,12.2,12.2,1.4,25.7,6.5,52.5,0.7,0.9,1.6,PAC-12,2022
Oregon,13,38.8,23.7,33.2,71.3,284.8,2.3,39.1,215.8,5.5,2.6,72.3,500.5,6.9,12.2,12.7,1.6,26.5,6.8,57.2,0.2,0.7,0.9,PAC-12,2022
Utah,14,38.6,20.6,31.9,64.6,249.2,2.2,40,217.6,5.4,2.7,71.9,466.9,6.5,11.1,12.5,2.4,26.1,4.5,40.2,0.6,0.7,1.3,PAC-12,2022
Oregon State,13,32.2,15.5,24.8,62.4,199.5,1.2,40.3,196.5,4.9,2.8,65.1,396,6.1,9.5,11.3,1.6,22.4,6,54.7,0.4,1,1.4,PAC-12,2022
Arizona,12,30.8,23.6,38.3,61.7,318.4,2.2,29.3,143.5,4.9,1.6,67.6,461.9,6.8,14.2,8.2,1.8,24.2,5.4,50,0.7,1.1,1.8,PAC-12,2022
Arizona State,12,26.1,22.5,33.6,67,251.9,1.5,32.1,135.3,4.2,1.8,65.7,387.2,5.9,12.1,7.3,1.8,21.3,7.3,72.3,0.8,0.8,1.5,PAC-12,2022
Washington State,13,26.1,24.8,38.5,64.6,253.8,1.8,28.2,106.8,3.8,1.3,66.7,360.7,5.4,11.5,6.5,1.9,19.8,5.4,45.3,0.7,0.7,1.4,PAC-12,2022
California,12,23.9,24.3,38.8,62.4,268,1.9,26.6,96.6,3.6,0.8,65.4,364.6,5.6,11.6,5.7,2,19.3,5.3,44.6,0.3,0.8,1,PAC-12,2022
Stanford,12,21.3,22.9,37.3,61.4,254.3,1.3,31.3,107.3,3.4,1.2,68.7,361.6,5.3,12.1,6.5,2.2,20.8,4.6,41.3,1.2,0.7,1.8,PAC-12,2022
Colorado,12,15.4,14.9,30,49.7,172.9,0.8,32.3,108.3,3.4,0.9,62.3,281.3,4.5,7.2,7.2,1.6,15.9,5.3,48.3,1,0.8,1.8,PAC-12,2022
Florida State,13,36.1,19.2,30.4,63,270.2,2.2,39.2,214.1,5.5,2.5,69.5,484.2,7,11,11.2,2,24.2,6.7,59.1,0.5,0.5,1.1,ACC,2022
Wake Forest,13,36.1,23.2,36.4,63.8,311.9,3.3,38.8,130.5,3.4,1.3,75.2,442.4,5.9,14.8,8.2,2.4,25.4,4.8,40.2,0.5,1,1.5,ACC,2022
North Carolina,14,34.4,24.6,37.6,65.4,309.3,2.7,36.3,153.5,4.2,1.7,73.9,462.8,6.3,13.9,8.9,1.9,24.7,6.1,55.3,0.5,0.5,1,ACC,2022
Clemson,14,33.2,21.3,34.3,62.1,232.4,1.7,39,177.9,4.6,2.2,73.3,410.3,5.6,10.4,10.2,2.4,22.9,5.4,48.2,0.9,0.7,1.6,ACC,2022
Duke,13,32.8,19.6,30.8,63.8,231.5,1.5,37.2,184.2,4.9,2.4,68,415.7,6.1,9.8,9.8,2.1,21.8,5.2,50.5,0.3,0.5,0.8,ACC,2022
Pitt,13,31.3,17.2,30.1,57,222.8,1,40.1,183,4.6,2.3,70.2,405.8,5.8,9.2,11.2,1.1,21.5,7.4,63.7,0.7,0.8,1.5,ACC,2022
Syracuse,13,27.7,17.5,28.5,61.6,231.9,1.5,34.2,142.5,4.2,1.6,62.6,374.4,6,10.7,7.8,1.8,20.3,8.5,63,0.3,0.7,1,ACC,2022
Louisville,13,26.9,16.8,28.3,59.2,205.5,1,39.8,200.6,5,1.9,68.2,406.2,6,9.6,8.9,1.8,20.3,6.9,66,0.9,0.9,1.8,ACC,2022
North Carolina State,13,24.3,20.7,36.2,57.1,226.1,1.8,34,113.8,3.3,0.6,70.2,339.8,4.8,10.5,7.4,2.5,20.4,7.3,57.5,0.6,0.6,1.2,ACC,2022
Miami (FL),12,23.6,21.3,34.4,61.7,239,1.5,34.4,127.9,3.7,1,68.8,366.9,5.3,10.9,8.3,2.1,21.3,7.1,60,1.1,1,2.1,ACC,2022
Virginia Tech,11,19.3,18.5,31.5,58.7,203.3,0.8,35.3,110.2,3.1,1.4,66.7,313.5,4.7,9,6.5,2,17.5,7.4,58.5,0.5,0.8,1.4,ACC,2022
Boston College,12,17.8,21.8,36.7,59.5,247.1,1.8,30.2,62.8,2.1,0.5,66.8,309.8,4.6,10.1,5.4,1.3,16.8,6,48.5,1,1.2,2.2,ACC,2022
Georgia Tech,12,17.2,18.3,31.8,57.5,192.2,0.8,35.5,132.7,3.7,1.1,67.3,324.8,4.8,8.9,7.2,1.6,17.7,5.8,51.9,0.3,0.8,1.1,ACC,2022
Virginia,10,17,18.5,34.1,54.3,221,0.7,32.9,123.1,3.7,1.3,67,344.1,5.1,9.2,7.4,2.5,19.1,7,62.2,1,1.2,2.2,ACC,2022
TCU,15,38.8,19.5,30.3,64.3,261.7,2.2,37.7,193.3,5.1,2.5,68,455,6.7,10.3,9.4,1.5,21.1,4.8,49.6,0.5,0.5,1.1,BIG-12,2022
Kansas,13,35.6,18.6,28.5,65.2,254.4,2.5,34.3,184.2,5.4,2.2,62.8,438.6,7,11.3,7.8,1.4,20.5,5.3,46.5,0.8,0.6,1.5,BIG-12,2022
Texas,13,34.5,19.1,31.2,61.2,241.4,1.7,36.2,188.2,5.2,2.2,67.3,429.5,6.4,11.3,9.5,2.1,22.9,6.1,47.3,0.4,0.5,0.9,BIG-12,2022
Texas Tech,13,34.2,26.8,43.8,61.2,302.5,2,40.4,158.9,3.9,2.2,84.2,461.4,5.5,13.9,10.5,2.2,26.5,5.7,44.3,0.5,1.4,1.9,BIG-12,2022
Oklahoma,13,32.8,19.3,31.3,61.7,254.6,2.1,44.7,219.4,4.9,2.2,76,474,6.2,10.6,11.9,1.3,23.8,5.7,50.2,0.5,0.6,1.2,BIG-12,2022
Kansas State,14,32.3,17.3,27.8,62.2,210.5,1.5,40.6,208.3,5.1,2.3,68.4,418.8,6.1,9.4,9.5,1.1,20.1,5.3,42.9,0.4,0.4,0.9,BIG-12,2022
Baylor,13,32.2,19,30.2,63,231.5,1.5,41.2,182.4,4.4,2.6,71.3,413.8,5.8,10.6,10.3,1.8,22.8,4.8,41.1,0.5,0.8,1.3,BIG-12,2022
Oklahoma State,13,30.6,22.5,40.3,55.7,279.5,1.8,36.6,125.5,3.4,1.5,76.9,405.1,5.3,12.5,7.7,2.1,22.2,3.5,33.5,0.5,1.4,1.8,BIG-12,2022
West Virginia,12,30.6,21.2,35.4,59.8,227.5,1.7,37.1,171.5,4.6,2,72.5,399,5.5,10.9,9.3,3.1,23.3,6.4,53,0.6,1,1.6,BIG-12,2022
Iowa State,12,20.2,26.1,39.9,65.3,261.8,1.6,32.8,108,3.3,0.8,72.7,369.8,5.1,12.8,6.1,1.6,20.4,5.6,46.1,0.6,1.3,1.8,BIG-12,2022
Ohio State,13,44.2,21.1,31.5,66.8,298.3,3.2,35.8,192.4,5.4,2.3,67.4,490.7,7.3,13.2,8.7,2,23.8,5.6,48,0.3,0.5,0.8,BIG-TEN,2022
Michigan,14,40.4,17,26.4,64.3,219.9,1.7,42.9,238.9,5.6,2.9,69.3,458.8,6.6,9.3,12.6,1.4,23.3,4.1,32,0.3,0.4,0.7,BIG-TEN,2022
Penn State,13,35.8,20.8,32.5,64,252.5,2.2,37.6,181.1,4.8,2.2,70.1,433.6,6.2,11.8,7.9,1.7,21.4,5.3,48.3,0.6,0.5,1.2,BIG-TEN,2022
Maryland,13,28.2,22.6,34.3,65.9,260.2,1.6,36.1,141.3,3.9,1.8,70.4,401.5,5.7,11.5,7.2,1.5,20.2,7.8,71.1,0.5,0.6,1.2,BIG-TEN,2022
Minnesota,13,28.2,13.2,21.6,61.2,182.2,0.9,44.7,207.3,4.6,2.5,66.3,389.5,5.9,8.1,12.5,1.1,21.6,3.5,31.8,0.3,0.7,1,BIG-TEN,2022
Purdue,14,26.6,26.4,41.6,63.3,278.8,1.9,33.3,121,3.6,1.2,74.9,399.8,5.3,12.7,7.9,2.4,23.1,5.4,53.6,0.4,1.2,1.6,BIG-TEN,2022
Wisconsin,13,26.3,14.5,25.1,57.7,183.8,1.6,38.5,179.8,4.7,1.6,63.6,363.6,5.7,8.5,7.9,1.6,18,6.2,57.8,0.5,0.8,1.4,BIG-TEN,2022
Michigan State,12,24.4,21.5,34.3,62.6,240,1.9,30.1,113,3.8,1.3,64.4,353,5.5,11.2,6.7,2.3,20.2,5.8,54.9,0.3,1,1.3,BIG-TEN,2022
Illinois,13,24.2,21.2,30.4,69.6,211.8,1.2,41.8,166.2,4,1.4,72.2,378,5.2,10.4,8.9,1.8,21.1,6.5,61.4,0.9,0.4,1.3,BIG-TEN,2022
Indiana,12,23.3,21.8,40.3,54,217.4,1.3,33,110.8,3.4,1.3,73.3,328.3,4.5,9.8,6.8,2.7,19.2,5,45.3,0.4,1.1,1.5,BIG-TEN,2022
Nebraska,12,22.6,17.1,28.3,60.3,220.8,1.4,35,123.3,3.5,1.4,63.3,344.2,5.4,9.3,7,1.8,18.1,5.4,42.5,0.5,1.1,1.6,BIG-TEN,2022
Iowa,13,17.7,14.8,26.8,55,156.7,0.5,32.5,94.8,2.9,0.9,59.3,251.5,4.2,7.2,5.5,1.1,13.8,4.1,32.7,0.8,0.5,1.3,BIG-TEN,2022
Rutgers,12,17.4,14,27.7,50.6,153.9,0.9,35.8,127.8,3.6,0.9,63.5,281.7,4.4,6.9,7.2,0.8,14.8,7.8,64.2,0.5,1.2,1.7,BIG-TEN,2022
Northwestern,12,13.8,20.4,34.8,58.8,210.3,0.8,39.1,125.1,3.2,0.9,73.8,335.4,4.5,9.5,7.8,1.7,19,4.6,40.8,1.2,1.4,2.6,BIG-TEN,2022
Tennessee,13,46.1,22.3,32.5,68.7,326.1,2.9,40.2,199.5,5,3.1,72.7,525.5,7.2,11.9,10.3,3.2,25.4,8.1,69.6,0.6,0.2,0.8,SEC,2022
Alabama,13,41.1,21.5,33.7,63.9,281.5,2.8,35.2,195.5,5.6,2,68.9,477.1,6.9,12.6,9.3,1.9,23.8,7.9,68.7,0.6,0.6,1.2,SEC,2022
Georgia,15,41.1,22.4,32.9,68.2,295.9,2.1,37.1,205.3,5.5,2.9,70,501.2,7.2,13.8,9.9,1.3,25.1,4.4,44.9,0.7,0.5,1.2,SEC,2022
LSU,14,34.5,23,34.3,67.1,269.3,1.6,36.9,183.9,5,2.8,71.2,453.1,6.4,12.6,9.9,2.1,24.7,6.1,54.3,0.8,0.5,1.3,SEC,2022
Ole Miss,13,33.5,18.4,29.8,61.8,239.8,1.7,47.2,256.6,5.4,2.5,77,496.4,6.4,9.8,13.5,1.9,25.2,6.8,63.5,0.7,0.9,1.6,SEC,2022
Arkansas,13,32.5,17.8,27.5,64.7,233.8,2,46.5,236.7,5.1,2.1,74,470.5,6.4,9.7,12.8,1.4,23.9,6.4,55.5,0.8,0.5,1.4,SEC,2022
South Carolina,13,32.2,21.6,32.4,66.7,260,1.8,31.6,118.8,3.8,2.1,64,378.8,5.9,9.7,7.3,2,19,6.9,63.8,1,1.1,2.1,SEC,2022
Mississippi State,13,31.6,32.9,48.8,67.5,311.2,2.8,22.7,81.7,3.6,0.9,71.5,392.9,5.5,15.2,5.4,2.2,22.8,6.3,60.8,0.8,0.7,1.5,SEC,2022
Florida,13,29.5,15.3,28.2,54.4,223.8,1.4,36.3,200.2,5.5,2.2,64.5,424.1,6.6,9.9,8.7,1.4,20,6.8,50.1,0.4,0.7,1.1,SEC,2022
Auburn,12,24.8,13.3,25.7,51.6,172.7,0.8,40.7,205.8,5.1,2.1,66.3,378.5,5.7,7.3,10,0.8,18.1,7.5,57.3,0.9,1,1.9,SEC,2022
Missouri,13,24.8,19.3,30.5,63.4,214.1,1.1,37.7,155.7,4.1,1.5,68.2,369.8,5.4,9.5,7.8,1.4,18.6,7.8,63.7,0.9,0.7,1.6,SEC,2022
Vanderbilt,12,24.6,16.7,28.8,57.8,187.3,1.8,37.1,159.9,4.3,1.1,65.9,347.3,5.3,7.8,7.8,1.9,17.5,5.3,46.1,1,0.5,1.5,SEC,2022
Texas A&M,12,22.8,18.3,32.6,56.3,219.4,1.5,30.5,141.5,4.6,1,63.1,360.9,5.7,9.2,7.8,2.5,19.5,6.3,49.1,0.9,0.5,1.4,SEC,2022
Kentucky,13,20.4,17.2,26.8,64.2,208.5,1.6,35.6,116.2,3.3,0.7,62.5,324.7,5.2,8.9,6.9,1.8,17.6,5.7,39.5,0.5,1,1.5,SEC,2022
Oregon,13,44.2,28,36.3,77.1,342.8,3.4,31.4,183.8,5.9,2.5,67.7,526.6,7.8,14.8,10.1,1.5,26.5,7,63.7,0.2,0.4,0.5,PAC-12,2023
USC,12,41.8,24.3,35.7,68,329.8,2.6,28.6,139.9,4.9,2.8,64.3,469.7,7.3,14,7.1,1.8,22.9,7.9,71.4,0.9,0.4,1.3,PAC-12,2023
Washington,13,37.7,24.6,37.2,66.1,343.8,2.7,27.7,125.2,4.5,2,64.9,469.1,7.2,14.5,6.8,2.3,23.6,7.8,73.8,0.5,0.8,1.3,PAC-12,2023
Arizona,12,34.3,25.7,35.5,72.3,304.5,2.8,31,148.9,4.8,1.3,66.5,453.4,6.8,13.4,8.5,1.8,23.7,6.5,54.1,0.3,0.8,1.1,PAC-12,2023
Oregon State,12,33.8,17.1,29.3,58.2,246.1,2.1,35.8,180.8,5.1,2.2,65.1,426.9,6.6,11.1,10.2,1.2,22.4,5.8,52.6,0.4,0.6,1,PAC-12,2023
Washington State,12,31.7,28.3,42.5,66.7,336.8,2.3,28.5,84.8,3,1.4,71,421.7,5.9,14.1,6.5,1.9,22.5,6.1,49.7,1,0.8,1.8,PAC-12,2023
California,12,31.6,19.7,33.4,58.9,214.6,1.8,38.8,181.1,4.7,2.1,72.2,395.7,5.5,10.2,9.1,2.8,22,5.4,44,0.9,1.1,2,PAC-12,2023
Colorado,12,28.2,26.9,39.5,68.1,294.7,2.4,29.8,68.9,2.3,1,69.3,363.6,5.2,12.8,5.8,2.6,21.2,8.9,71.2,0.6,0.3,0.9,PAC-12,2023
UCLA,12,25.8,18.2,31.8,57.1,229.1,1.8,40.9,191.1,4.7,1.6,72.8,420.2,5.8,10.7,9.8,1.4,21.8,6.7,55.5,0.7,1.2,1.8,PAC-12,2023
Utah,12,24.5,15,26.2,57.3,173.6,1.3,42.6,186.3,4.4,1.5,68.8,359.8,5.2,7.5,10.3,1.5,19.3,5.2,42.6,0.1,0.8,0.8,PAC-12,2023
Stanford,12,20.6,19.4,35.4,54.8,233,0.9,34.4,118.4,3.4,1.3,69.8,351.4,5,10.1,6.8,2.7,19.6,6.4,59.1,0.3,0.8,1.2,PAC-12,2023
Arizona State,12,17.8,20.3,36.7,55.2,210.3,0.7,31.2,111.9,3.6,1.4,67.8,322.3,4.8,9.2,7.5,2.1,18.8,5.7,51.4,0.5,1.2,1.7,PAC-12,2023
Florida State,13,37,19.2,31.2,61.6,259.5,1.9,33.6,156.8,4.7,2.5,64.8,416.3,6.4,11.2,7.1,2,20.2,6.3,57.5,0.2,0.2,0.4,ACC,2023
North Carolina,12,36.6,22.8,36.1,63.3,306.8,2.1,38.1,197.1,5.2,2.3,74.2,503.9,6.8,12.3,10.8,1.9,25,7.1,66.8,0.4,0.8,1.2,ACC,2023
Miami (FL),12,32.1,21.9,33.8,64.9,264.4,1.8,34,176.8,5.2,1.8,67.8,441.2,6.5,11.8,8.7,1.6,22,6.2,58.8,0.7,1.1,1.8,ACC,2023
Georgia Tech,12,31.2,18.7,30.5,61.2,232,2.2,36.6,197.1,5.4,1.8,67.1,429.1,6.4,10.1,10.5,1.8,22.4,5.2,45.6,0.3,1.3,1.7,ACC,2023
Louisville,13,30.9,18.8,29.5,64,244,1.7,37.5,175.3,4.7,2.1,67,419.3,6.3,10.5,8.7,1.5,20.8,5.7,49,0.4,0.9,1.3,ACC,2023
Clemson,12,29.2,22.7,36.1,62.8,225.4,1.7,40.4,180.3,4.5,1.7,76.5,405.7,5.3,11.3,10.3,1.8,23.3,4.8,43.2,1.1,0.7,1.8,ACC,2023
Virginia Tech,12,28.6,16,28,57.1,210.9,1.8,37.3,175.4,4.7,1.4,65.3,386.3,5.9,8.6,9.4,1.4,19.4,6.4,59.8,0.7,0.4,1.1,ACC,2023
Duke,12,27.8,15.1,27.3,55.2,180.7,1.2,34.2,168.9,4.9,2.1,61.5,349.6,5.7,9,7.5,2.3,18.8,5.6,45.4,0.5,0.6,1.1,ACC,2023
North Carolina State,12,26.8,17.5,29.2,60,196.4,1.6,37.1,149.9,4,1.4,66.3,346.3,5.2,9,7.9,1.8,18.7,6,48.8,0.3,0.9,1.2,ACC,2023
Syracuse,12,25.5,15.2,24.3,62.3,173.7,1.4,40.7,185,4.5,1.7,65,358.7,5.5,7.5,9.3,1.8,18.7,7.3,62.6,0.6,1.1,1.7,ACC,2023
Boston College,12,25,16.1,28.6,56.3,189.2,1.3,42.2,193.5,4.6,1.8,70.8,382.7,5.4,7.7,12.3,1.8,21.7,6.6,56.4,0.4,1.1,1.5,ACC,2023
Virginia,12,23.3,20.7,33,62.6,250.8,1.6,37.8,117.9,3.1,1,70.8,368.8,5.2,10.6,8.4,2,21,6.5,55.3,0.5,1.2,1.7,ACC,2023
Wake Forest,12,20.3,16.2,26.8,60.4,197.3,1.2,39,130.4,3.3,1.1,65.8,327.8,5,8.8,8.8,2.4,20,4.1,38.8,0.9,0.9,1.8,ACC,2023
Pitt,12,20.2,16,30,53.3,216,1.4,29.7,101.9,3.4,0.8,59.7,317.9,5.3,8.4,6.1,1.8,16.3,7.8,64.4,0.8,1,1.8,ACC,2023
Oklahoma,12,43.2,23.7,34,69.6,321.8,2.7,40.6,180.6,4.4,2.6,74.6,502.4,6.7,13.5,10,2.3,25.8,6.7,57,0.7,0.5,1.2,BIG-12,2023
Kansas State,12,37.8,20.3,32.9,61.8,246.4,2.3,41.1,199.7,4.9,2.5,74,446.1,6,11.4,10.8,1.8,24,4.8,42.8,0.2,0.8,1,BIG-12,2023
Texas,13,36.2,22.5,33.2,67.8,286.8,1.8,38.4,189.1,4.9,2,71.6,475.9,6.6,12.8,9.2,1,23.1,6.3,51.2,0.5,0.7,1.2,BIG-12,2023
Kansas,12,33.6,15.1,23.6,64,222.7,1.5,38.3,211.3,5.5,2.6,61.9,434,7,10.1,9.6,1.8,21.4,4.6,43.7,0.5,0.7,1.2,BIG-12,2023
UCF,12,32.5,17.7,27.8,63.7,259.1,1.8,41.3,233.2,5.7,2.3,69,492.3,7.1,10.1,11.7,1.7,23.4,6,49.8,0.5,0.8,1.3,BIG-12,2023
West Virginia,12,31.6,13.8,25.7,53.9,203.8,1.4,44.6,234.3,5.3,2.6,70.3,438.2,6.2,7.9,12.7,2.3,22.8,4.8,44.3,0.5,0.6,1.1,BIG-12,2023
TCU,12,31.3,26.6,41.9,63.4,312.2,2.3,33.8,154.5,4.6,1.6,75.8,466.7,6.2,15,9,1.1,25.1,6.2,53.6,0.3,1.3,1.6,BIG-12,2023
Oklahoma State,13,29.5,23.8,40,59.4,264.2,1.2,32.3,156.9,4.9,2.1,72.3,421.2,5.8,12.7,7,1.4,21.1,5,40.8,0.4,1.1,1.5,BIG-12,2023
Texas Tech,12,26.8,21.4,35.5,60.3,221.1,1.8,36.4,165.8,4.6,1.3,71.9,386.9,5.4,10.3,9.9,1.7,21.8,5.6,52.8,0.3,1.4,1.8,BIG-12,2023
Iowa State,12,26.3,18.3,28.4,64.2,228.3,1.7,30.2,129.9,4.3,1.3,58.6,358.2,6.1,9.6,5.5,1,16.1,5,45.8,0.3,0.7,0.9,BIG-12,2023
Cincinnati,12,24.1,18.2,30,60.6,209,1.8,43.1,217.1,5,1.2,73.1,426.1,5.8,9.8,11.5,0.9,22.3,5.7,52.6,0.5,0.9,1.4,BIG-12,2023
Houston,12,23.7,21.8,34,64,241.5,2,29.9,118.7,4,0.8,63.9,360.2,5.6,10.7,7,1.5,19.2,5.7,49.2,0.2,1.1,1.3,BIG-12,2023
Baylor,12,23.1,21.9,36.8,59.5,263,1.3,34.4,114.8,3.3,1.1,71.3,377.8,5.3,11.6,7.3,1,19.8,4.1,28.9,0.7,0.6,1.3,BIG-12,2023
Brigham Young,12,23.1,18.3,33,55.6,205.4,1.4,30,104.3,3.5,1.3,63,309.8,4.9,9.4,5.8,1.5,16.8,5.3,43,0.8,0.8,1.6,BIG-12,2023
Penn State,12,37.2,18.8,31.1,60.6,204.3,2.3,40.6,186.7,4.6,2.2,71.7,391,5.5,10.1,10.7,1.8,22.6,4.9,42.8,0.4,0.1,0.5,BIG-TEN,2023
Michigan,13,36.7,17.9,24.2,74,218.8,1.6,37.9,161.8,4.3,2.7,62.2,380.5,6.1,11,8.2,1.4,20.5,2.9,26.3,0.2,0.4,0.5,BIG-TEN,2023
Ohio State,12,32.8,20.4,31.3,65.2,282.7,2.2,33.2,142.3,4.3,1.7,64.5,425,6.6,13,7.1,1.8,21.9,5.5,43.5,0.4,0.6,1,BIG-TEN,2023
Maryland,12,29.6,24.8,37.6,65.9,284.8,2.1,29.1,108.9,3.7,1.6,66.7,393.8,5.9,12.4,7.2,1.9,21.5,5.4,54.6,0.7,1,1.7,BIG-TEN,2023
Illinois,12,24.5,21.8,34.6,62.9,264.6,1.9,33,126.4,3.8,1,67.6,391,5.8,12.3,6.4,1.7,20.4,6.6,62.4,0.8,1.1,1.9,BIG-TEN,2023
Purdue,12,23.9,19.5,32.7,59.7,211.2,1.3,38.5,169.1,4.4,1.7,71.2,380.3,5.3,9.8,8.9,1.8,20.5,6,56.3,0.7,0.8,1.5,BIG-TEN,2023
Northwestern,12,22.8,18.1,29.2,62,200.1,1.5,35.6,105,3,1.2,64.8,305.1,4.7,8.7,6.7,1.5,16.8,5.4,43.7,0.1,0.7,0.8,BIG-TEN,2023
Wisconsin,12,22.8,21.2,35.8,59.2,207,0.9,35,163.8,4.7,1.8,70.8,370.8,5.2,9.9,8.8,1.2,19.9,5.5,47.9,0.9,0.4,1.3,BIG-TEN,2023
Rutgers,12,22.6,11.3,23.3,48.4,142,0.8,39.3,165.4,4.2,1.8,62.6,307.4,4.9,6.7,9.6,1.3,17.5,5,44.1,0.4,0.7,1.1,BIG-TEN,2023
Indiana,12,22.2,17.9,30.6,58.6,212.8,1.5,36.1,120.1,3.3,1.1,66.7,332.8,5,10.2,7.4,2.2,19.8,5.4,50.6,0.7,0.8,1.5,BIG-TEN,2023
Minnesota,12,20.2,13,24.7,52.7,153.2,1.2,38.4,149.4,3.9,0.9,63.1,302.6,4.8,7.3,9,1.8,18.2,3,28.7,0.5,0.8,1.3,BIG-TEN,2023
Nebraska,12,18,11.3,21.8,52.1,135.9,0.8,39.8,176.8,4.4,1.3,61.6,312.8,5.1,5.5,9.5,1.5,16.5,5.1,42.8,1.3,1.3,2.6,BIG-TEN,2023
Iowa,13,16.6,12.4,24.8,49.8,123.2,0.7,34.6,115.7,3.3,0.8,59.5,238.8,4,5.6,5.7,1.8,13.1,3.5,30.2,0.8,0.7,1.5,BIG-TEN,2023
Michigan State,12,15.9,18.4,31.6,58.3,199.8,1.2,30.8,89.5,2.9,0.6,62.4,289.3,4.6,8.6,6.2,1.8,16.6,7,60.7,0.8,1.1,1.8,BIG-TEN,2023
LSU,12,46.4,21.3,30.5,69.7,334.3,3.4,33.8,213.5,6.3,2.7,64.3,547.8,8.5,13.7,10.1,2.1,25.8,6.2,52.3,0.3,0.3,0.6,SEC,2023
Georgia,13,38.4,23.7,32.9,72,305.6,1.9,34.9,177.3,5.1,2.7,67.8,482.9,7.1,13.8,9.8,1.5,25.2,4.4,42.4,0.5,0.5,1.1,SEC,2023
Alabama,13,35.1,14.8,23.2,63.6,228.5,1.8,39.8,172.7,4.3,2.3,63.1,401.2,6.4,9.2,9.6,1.4,20.2,5.8,49.2,0.3,0.5,0.8,SEC,2023
Ole Miss,12,34.8,19.2,29.4,65.2,276.6,1.9,40.7,178.8,4.4,2.3,70.1,455.4,6.5,11.3,10.2,1.5,22.9,7.4,61.8,0.1,0.5,0.6,SEC,2023
Texas A&M,12,34.2,21.1,32.6,64.7,262.3,2,35.9,141.4,3.9,1.8,68.5,403.8,5.9,11.4,8.8,2.2,22.4,6.3,47.6,0.3,0.8,1.1,SEC,2023
Missouri,12,34.1,19.8,30,65.8,273.5,1.8,36.9,169.4,4.6,2,66.9,442.9,6.6,11.3,9.2,1.7,22.1,7.2,55.8,0.2,0.6,0.8,SEC,2023
Tennessee,12,31.5,20.8,32.5,64.1,250.9,1.8,36.3,202.6,5.6,1.7,68.8,453.5,6.6,10.7,10.3,0.7,21.6,8.2,71.1,0.6,0.4,1,SEC,2023
Kentucky,12,28.6,16.3,28.9,56.2,203.8,1.9,26.3,130.8,5,1.3,55.3,334.6,6.1,9.5,5.9,2,17.4,6.3,51.3,0.5,0.8,1.3,SEC,2023
Florida,12,28.4,23.5,32.5,72.3,259.3,1.7,35.1,149.8,4.3,1.8,67.6,409.1,6.1,11.9,8.1,1.7,21.7,6.6,49.6,0.6,0.4,1,SEC,2023
Auburn,12,27.3,14,22.9,61.1,157.1,1.4,39.8,198.4,5,1.8,62.8,355.5,5.7,6.3,10.6,1.5,18.4,5.6,44.5,0.4,0.9,1.3,SEC,2023
Arkansas,12,26.6,17.3,26.9,64.1,187.5,1.8,39.3,139,3.5,0.8,66.3,326.5,4.9,8.1,7.9,1.3,17.3,6.3,55.4,0.8,0.7,1.5,SEC,2023
South Carolina,12,26,23.6,34.3,68.7,278,1.8,30.8,85.1,2.8,1.4,65.1,363.1,5.6,11.6,5.2,1.3,18.1,7.2,55.5,0.4,0.7,1.1,SEC,2023
Vanderbilt,12,22.8,18.1,32.5,55.6,223.7,1.9,29.1,95.3,3.3,0.8,61.6,318.9,5.2,9,5.8,2.3,17,4.9,42.5,0.6,1,1.6,SEC,2023
Mississippi State,12,21.8,16.8,29,57.8,181.8,1.3,33.4,146.8,4.4,1,62.4,328.6,5.3,8.8,6.6,1.2,16.6,6.3,56.8,0.3,0.8,1.2,SEC,2023